name,team,primary_position,line,appearances,player_id,pca_x,pca_y,umap_x,umap_y
Sergio Busquets,Barcelona,Center Defensive Midfield,MID,342,5203,1.5516891577990375,2.5190343264522594,-10.116089,-1.4754692
Jordi Alba,Barcelona,Left Back,DEF,221,5211,1.6834329178961198,1.5257746216719892,-4.5314856,-2.12748
Gerard Piqué,Barcelona,Right Center Back,DEF,320,5213,0.16220734400761205,2.403176410849801,-8.644124,-2.1431127
Luis Suárez,Barcelona,Center Forward,FWD,170,5246,0.9529551045007916,-3.030528619317393,-10.703384,3.305023
Ivan Rakitić,Barcelona,Right Center Midfield,MID,150,5470,1.8848124995399491,1.533072972501172,-10.436948,-0.20975424
Ousmane Dembélé,Barcelona,Right Wing,FWD,47,5477,1.312950682680697,-0.5335006356287983,-10.98617,1.6893954
Samuel Umtiti,Barcelona,Left Center Back,DEF,73,5492,0.30192785378235953,2.442134849863168,-8.473736,-3.120249
Lionel Messi,Barcelona,Right Wing,FWD,463,5503,1.512358539076045,0.06231141722850228,-11.016407,1.6320575
Nélson Semedo,Barcelona,Right Back,DEF,56,6374,1.196290302577214,0.9500825287719226,-6.395338,1.9640847
Sergi Roberto,Barcelona,Right Back,DEF,124,6379,1.4772458757241338,1.2877205034476986,-6.6422505,1.6694561
Marc-André ter Stegen,Barcelona,Goalkeeper,GK,165,20055,-5.623582520297153,1.3484810566449648,9.926609,8.018062
Philippe Coutinho,Barcelona,Left Wing,FWD,42,3501,1.4652371710274392,0.6921306488761846,-11.064297,1.1055219
Rafinha,Barcelona,Right Center Midfield,MID,27,6998,1.0362310497798028,0.2828197607890597,-10.229037,0.96886253
Clément Lenglet,Barcelona,Left Center Back,DEF,71,6826,0.48350208472988415,2.5335131556845027,-8.460653,-3.1952958
Arturo Vidal,Barcelona,Right Center Midfield,MID,37,8206,1.6235071520345543,1.360884284875679,-10.462033,0.28817126
Arthur,Barcelona,Left Center Midfield,MID,28,11392,2.14715617870055,2.215791756873804,-10.35499,-0.9700577
Thomas Vermaelen,Barcelona,Left Center Back,DEF,24,6332,-1.011025710987636,0.9961439046024501,-7.375635,-2.2265038
Munir El Haddadi,Barcelona,Right Wing,FWD,16,6616,0.6054852531604417,-1.7368255096264669,-10.666396,2.73845
Carles Aleñà,Barcelona,Left Center Midfield,MID,5,13599,1.9771576275498401,3.2030179186862444,-10.446848,-1.0410826
Alexis Sánchez,Barcelona,Right Wing,FWD,55,3385,0.48442699161450536,-1.7397822089995576,-11.036816,2.4965763
Cesc Fàbregas,Barcelona,Left Center Midfield,MID,67,3478,2.7626519950910136,1.809738194070189,-10.571871,-0.91357875
Pedro,Barcelona,Right Wing,FWD,122,3958,0.9967281930844204,-0.9393528546469366,-11.0614395,2.0298817
Dani Alves,Barcelona,Right Back,DEF,208,4324,1.5899129267014052,1.5319907837311975,-6.476872,1.8694879
Andrés Iniesta,Barcelona,Left Center Midfield,MID,255,5216,1.844773429525159,1.8453791440312892,-10.581652,-0.9289374
Javier Mascherano,Barcelona,Left Center Back,DEF,168,5506,0.4211160839936798,2.5695163615118584,-8.847854,-2.6443794
Xavi,Barcelona,Right Center Midfield,MID,222,20131,2.9282502999925284,2.920835687958217,-10.5961685,-1.0260892
Víctor Valdés,Barcelona,Goalkeeper,GK,246,20176,-6.917867594559522,0.6589207896880858,10.293638,7.907301
Neymar,Barcelona,Left Wing,FWD,104,4320,1.5308735118592416,-0.6057248696895456,-11.062959,1.7058752
Claudio Bravo,Barcelona,Goalkeeper,GK,70,4691,-6.3403869070527294,0.9377879260508952,10.148703,8.125226
Jérémy Mathieu,Barcelona,Left Center Back,DEF,44,10609,0.3009607009812431,1.9237124023920165,-8.258383,-3.203429
Martín Montoya,Barcelona,Right Back,DEF,24,6593,0.5669280815718083,1.0804451578630403,-6.381954,2.0069127
Marc Bartra,Barcelona,Right Center Back,DEF,29,7068,-0.43221447300528626,1.9446374609333292,-8.201217,-1.975016
Adriano,Barcelona,Left Back,DEF,78,22102,0.9223308231275325,1.3195242296289953,-4.725755,-2.049455
Alexandre Dimitri Song-Billong,Barcelona,Center Defensive Midfield,MID,21,27053,0.8202195363004805,2.520780866567188,-9.20111,-2.3726053
Aleix Vidal,Barcelona,Right Back,DEF,15,6400,1.0724490918203535,0.1295038063654537,-6.2635026,2.3864257
Arda Turan,Barcelona,Left Center Midfield,MID,20,11094,1.2828060300386774,0.3296937902652619,-10.895646,0.92513096
Carles Puyol,Barcelona,Left Center Back,DEF,168,20125,-0.7805072775781324,1.521458143469702,-7.808488,-2.1427705
Denis Suárez,Barcelona,Right Center Midfield,MID,15,6609,1.7270440780155676,0.48814044308231763,-10.687587,0.7372274
Thiago Alcântara,Barcelona,Left Center Midfield,MID,35,5208,2.9888981719756655,3.2963107826725957,-10.439529,-1.1308538
Lucas Digne,Barcelona,Left Back,DEF,20,6849,1.2466307259906428,1.202589028855865,-4.507156,-2.1435165
André Gomes,Barcelona,Left Center Midfield,MID,20,10802,1.06828090918506,0.7963948506782607,-10.762996,0.70199186
José Manuel Pinto,Barcelona,Goalkeeper,GK,23,26005,-7.386878993979204,0.866436642989204,10.207638,8.1744585
Paco Alcácer,Barcelona,Left Center Forward,FWD,13,6402,0.5646356255770609,-2.4480773219687113,-10.715042,3.0782998
Cristian Tello,Barcelona,Left Wing,FWD,13,6658,0.35168196581308764,-0.5610793604250424,-11.334485,2.0348215
David Villa,Barcelona,Left Wing,FWD,50,12737,-0.38214551572413163,-2.3496268264854874,-11.159193,2.986479
Éric Abidal,Barcelona,Left Back,DEF,96,20177,0.7279881718850493,1.5185084558366129,-4.6941943,-2.0662491
Antoine Griezmann,Barcelona,Left Wing,FWD,55,5487,1.3502900941004026,-1.2209379337628146,-10.583131,2.286677
Frenkie de Jong,Barcelona,Right Center Midfield,MID,51,8118,2.367091956992903,1.8232229813622816,-10.420683,-0.6708188
Ansu Fati,Barcelona,Left Wing,FWD,16,30756,0.17108929180411067,-0.7638834791628237,-11.344211,2.15517
Neto,Barcelona,Goalkeeper,GK,8,6590,-6.37058156197382,0.8654592033003394,10.061748,8.0553255
Riqui Puig,Barcelona,Left Center Midfield,MID,7,24841,1.438030619363451,1.2686188824339795,-10.86693,0.49996275
Ronald Araújo,Barcelona,Right Center Back,DEF,15,32480,0.027866701795100365,1.7871319368173824,-8.418311,-2.0579047
Junior Firpo,Barcelona,Left Back,DEF,11,17304,1.2842472621565166,1.3707603130204424,-4.467334,-2.2059827
Martin Braithwaite,Barcelona,Left Wing,FWD,13,4447,0.05807749112174092,-4.138976845672325,-11.008599,3.359359
Miralem Pjanić,Barcelona,Right Defensive Midfield,MID,5,6947,2.4576240365617905,2.662813687261182,-9.998584,-1.0436729
Pedri,Barcelona,Left Center Midfield,MID,26,30486,1.7068428722429256,0.6023484517954324,-10.751613,0.7555414
Óscar Mingueza,Barcelona,Right Center Back,DEF,20,43728,0.7939480524947762,1.7859233938894754,-6.6642385,1.4727563
Sergiño Dest,Barcelona,Right Back,DEF,21,21881,1.0038941619050012,-0.03816411097752438,-6.4189134,2.077034
Rafael Márquez,Barcelona,Right Center Back,DEF,65,5558,0.07594004494711612,2.246337702241621,-8.534068,-2.085827
Giovanni van Bronckhorst,Barcelona,Left Back,DEF,20,17797,-0.17665684554096475,0.028950981076697448,-4.0551405,-1.2616419
Samuel Eto'o,Barcelona,Center Forward,FWD,68,19298,0.6297407323353217,-2.135722522140357,-11.036155,2.8287647
Deco,Barcelona,Left Center Midfield,MID,45,19757,2.4273148687217145,1.0920204811772554,-10.186716,-0.5074614
Juliano Belletti,Barcelona,Right Back,DEF,10,25863,0.10846176711569362,0.5143808409299053,-6.175754,2.5492847
Oleguer,Barcelona,Right Back,DEF,27,25873,-0.2569903064517869,0.500319078765675,-6.082581,2.2526665
Ludovic Giuly,Barcelona,Right Wing,FWD,11,25878,0.23154478004364834,-1.8113273056137549,-10.843658,2.582443
Ronaldinho,Barcelona,Left Wing,FWD,48,25879,1.6008429988155122,-0.9366222550165937,-10.8898735,2.1163125
Sylvinho,Barcelona,Left Back,DEF,31,25854,0.3729416716353459,0.6246969852214552,-4.301863,-1.7362367
Edmilson,Barcelona,Center Defensive Midfield,MID,30,25910,-0.015422814612110855,1.4584948560456683,-8.146337,-1.8031111
Thiago Motta,Barcelona,Center Defensive Midfield,MID,6,4325,0.818040877596765,2.434795692988538,-9.055597,-2.6580017
Mark van Bommel,Barcelona,Right Center Midfield,MID,6,19296,0.9531390848918929,0.13822699073382277,-9.986523,0.98874015
Gianluca Zambrotta,Barcelona,Right Back,DEF,38,15774,-0.17704428599141867,0.21156294012618482,-6.2227416,2.2839198
Lilian Thuram,Barcelona,Right Center Back,DEF,28,15071,-0.6115948059662999,2.836159549193099,-8.707655,-2.2763364
Eiður Guðjohnsen,Barcelona,Left Center Midfield,MID,21,11270,-0.19153748728924186,-1.0482661833319324,-10.242118,2.3565478
Yaya Touré,Barcelona,Center Defensive Midfield,MID,51,3087,0.7355832059906993,2.3301748368348507,-9.533366,-2.0417686
Bojan,Barcelona,Center Forward,FWD,25,4913,0.5698654525978215,-2.681486748361827,-11.039226,2.968854
Gabriel Milito,Barcelona,Left Center Back,DEF,35,25919,-0.057646576229009025,2.804315996046922,-8.594997,-3.0126817
Giovani dos Santos,Barcelona,Right Wing,FWD,7,5987,0.6977633611759115,-2.3565526758970057,-10.923003,2.7558794
Thierry Henry,Barcelona,Left Wing,FWD,53,15516,0.324154872156815,-2.3460905731069923,-11.148191,3.1377766
Seydou Kéita,Barcelona,Left Center Midfield,MID,60,20169,0.5301025058274741,1.170201020266275,-10.931058,0.5415475
Martín Cáceres,Barcelona,Left Center Back,DEF,5,5248,-1.5725033370575132,1.045845976208944,-7.345047,-2.0720718
Zlatan Ibrahimović,Barcelona,Center Forward,FWD,20,3672,0.48743423090930976,-1.911906159850445,-10.804259,2.788751
Maxwell,Barcelona,Left Back,DEF,43,26613,0.7906344883261068,1.0852990516842358,-4.495512,-1.9609933
Dmytro Chygrynskiy,Barcelona,Left Center Back,DEF,10,18608,0.1300996172009184,3.7002922205703985,-8.778684,-2.9207652
Jeffrén,Barcelona,Right Wing,FWD,8,26624,0.4312242156808232,-1.6519381729055067,-10.551791,2.5739496
Ibrahim Afellay,Barcelona,Left Wing,FWD,6,4891,1.1859594241212401,0.24771493764055563,-11.041383,1.277872
Isaac Cuenca,Barcelona,Right Wing Back,DEF,10,26776,0.7245451617427336,-0.09147636516391175,-11.208202,1.8758054
Gerard Deulofeu,Barcelona,Right Midfield,MID,5,3726,2.5689650208369565,-0.7489948393376527,-10.66915,1.744729
Paulinho,Barcelona,Right Defensive Midfield,MID,20,5542,1.1338830464707665,0.8478595610311522,-10.322804,0.44844276
Christian Eriksen,Denmark,Left Center Midfield,MID,7,3043,2.5455498612814536,-0.8999299539027465,-8.937816,1.4292426
Kasper Schmeichel,Denmark,Goalkeeper,GK,7,3815,-5.4155209655702485,-1.2350341353020293,9.975237,7.268484
Andreas Christensen,Denmark,Left Center Back,DEF,7,3959,-0.27288192757298046,2.15979839813385,-7.6452312,-1.866989
Thomas Delaney,Denmark,Left Center Midfield,MID,5,5527,0.4333127538802041,0.4291504497291176,-8.740404,0.4670692
Simon Kjær,Denmark,Right Center Back,DEF,5,5534,-0.8027966557904405,1.709292384674109,-7.725714,-1.5807761
Ellyes Joris Skhiri,Tunisia,Right Defensive Midfield,MID,6,3767,0.3693054078041815,-0.013292916175247199,-8.205643,0.55587006
Yassine Meriah,Tunisia,Left Center Back,DEF,6,5651,-1.3476888828406504,0.4223344212663392,-7.186897,-1.3051584
Maya Yoshida,Japan,Right Center Back,DEF,8,3300,-1.0393650681440565,2.1142475512166303,-7.62923,-1.5491258
Yuto Nagatomo,Japan,Left Back,DEF,8,5690,-0.09858320377967507,-1.0538915656947807,-4.1834373,-0.9343326
Sergio Busquets,Spain,Center Defensive Midfield,MID,8,5203,1.740947419913899,2.4878607957119123,-9.77048,-1.2698836
Dušan Tadić,Serbia,Right Attacking Midfield,MID,6,3831,2.688271041385589,-3.317423579804668,-9.581427,3.675863
Aleksandar Mitrović,Serbia,Center Forward,FWD,6,4269,0.4913079317270661,-5.153598333940832,-10.286562,4.2474456
Sergej Milinković-Savić,Serbia,Left Attacking Midfield,MID,6,5589,1.3832298733791697,-1.542663872127017,-8.693924,1.5104991
Nikola Milenković,Serbia,Right Center Back,DEF,6,5603,-2.092795077546414,2.1467984512472666,-7.602227,-1.4472672
Granit Xhaka,Switzerland,Left Defensive Midfield,MID,8,3500,2.305027485297521,2.5354975899718113,-9.977567,-1.0540403
Xherdan Shaqiri,Switzerland,Right Wing,FWD,7,3533,2.080976726141566,-0.6893634336330421,-10.257025,1.637512
Fabian Schär,Switzerland,Right Center Back,DEF,5,5537,0.11692580934570594,2.2559519065604112,-8.931764,-2.2053444
Ricardo Rodríguez,Switzerland,Left Back,DEF,8,5544,0.990133620361059,0.6072552062861594,-4.268541,-1.7481914
Breel Embolo,Switzerland,Center Forward,FWD,5,5545,0.36508072424764143,-5.045006649628605,-10.494143,3.9764848
Manuel Akanji,Switzerland,Left Center Back,DEF,8,5549,0.8045378086551535,3.131071904192264,-8.840839,-2.873117
Mat Ryan,Australia,Goalkeeper,GK,7,3240,-4.897789677278868,0.8625713045193997,9.895698,7.413288
Aaron Mooy,Australia,Left Defensive Midfield,MID,7,3281,1.6874655403864605,0.2654473051396294,-8.33247,0.7559688
Aziz Behich,Australia,Left Back,DEF,7,5479,0.37976627255904893,-0.39396286248919116,-4.4413457,-1.0520583
Mathew Leckie,Australia,Right Midfield,MID,7,5481,0.4560378261782229,-3.1767178265787455,-9.686545,3.875006
Thiago Silva,Brazil,Right Center Back,DEF,9,3295,-0.889921267951873,2.828587508669784,-7.83661,-1.6717747
Neymar,Brazil,Left Wing,FWD,8,4320,1.6612651849158167,-1.6742434839212785,-10.301921,2.163042
Casemiro,Brazil,Center Defensive Midfield,MID,8,5539,0.6702016648510051,1.070515023354241,-8.642908,0.4348407
Alisson,Brazil,Goalkeeper,GK,9,5547,-6.820948340466789,-1.3194707233997278,10.329073,7.774482
Edson Álvarez,Mexico,Right Back,DEF,5,5567,0.3062093141855135,0.4876637733269183,-9.490438,1.0395479
Hirving Lozano,Mexico,Right Wing,FWD,7,5571,1.4271690045646626,-3.717950125389896,-10.131823,3.6842368
Héctor Moreno,Mexico,Left Center Back,DEF,6,5573,-0.6871646396802201,2.183133658605441,-7.1913486,-1.7930907
Jesús Gallardo,Mexico,Left Back,DEF,7,5576,-0.49116082238978104,-0.442302912253391,-4.3060007,-0.97650427
Guillermo Ochoa,Mexico,Goalkeeper,GK,7,5577,-6.566189493797973,0.7340225041631288,10.131697,8.066903
Salem Al Dawsari,Saudi Arabia,Left Midfield,MID,6,5187,0.8957975807672756,-0.961913451951798,-8.580162,1.2683638
Kyle Walker,England,Right Center Back,DEF,8,3205,0.6578103683855745,2.167734491704893,-8.669992,-1.8183688
John Stones,England,Center Back,DEF,12,3244,0.43921344827607317,2.889691723281747,-8.989243,-2.6489549
Harry Maguire,England,Left Center Back,DEF,11,3336,0.4115251048249629,1.940808311390867,-8.249346,-3.0541918
Luke Shaw,England,Left Back,DEF,5,3382,0.8149891394846626,0.29131084238024035,-4.283021,-1.7216651
Jordan Pickford,England,Goalkeeper,GK,12,3468,-4.841959201960816,-1.0744580170574949,10.000541,7.2820735
Jordan Henderson,England,Center Defensive Midfield,MID,8,3532,1.0516257408559038,0.3910015057136744,-9.736426,0.9962553
Declan Rice,England,Center Defensive Midfield,MID,5,3943,1.2923023717031572,1.5166853250822527,-9.131012,0.17548735
Harry Kane,England,Center Forward,FWD,11,10955,-0.13126533894146358,-3.936788619357766,-10.346234,3.8224556
Jude Bellingham,England,Left Center Midfield,MID,5,30714,1.8362422951920159,0.15700886942015554,-8.961857,0.99534076
Cristiano Ronaldo,Portugal,Left Center Forward,FWD,7,5207,1.7005647718698926,-1.561532445973424,-11.008555,2.5159812
Pepe,Portugal,Right Center Back,DEF,8,20016,0.26109751686657384,2.6357633207154634,-8.966687,-2.208805
Diogo Costa,Portugal,Goalkeeper,GK,5,32975,-5.885354230483845,1.3290422181070505,9.806758,7.984404
Son Heung-Min,South Korea,Left Wing,FWD,7,3083,2.546942202232686,-3.091863042297085,-9.751791,3.2525861
Kim Young-Gwon,South Korea,Left Center Back,DEF,7,5604,-1.1953779155675994,1.4935203196269378,-7.4775066,-2.0712774
Jung Woo-Young,South Korea,Right Defensive Midfield,MID,5,5618,2.029492365366766,2.127109742474119,-10.278887,-0.75984925
Lee Jae-Sung,South Korea,Center Attacking Midfield,MID,6,5623,1.1520118410154205,-0.4452625770796641,-8.626827,1.07624
Thomas Müller,Germany,Center Forward,FWD,5,5562,1.191532597037118,-2.7501257654986313,-10.53727,3.2817566
Manuel Neuer,Germany,Goalkeeper,GK,6,5570,-4.958046980331186,0.6451170913195047,9.908354,8.096931
Joshua Kimmich,Germany,Right Back,DEF,6,5579,2.980445275466624,1.255653042956411,-9.861611,-1.0996771
Jordi Alba,Spain,Left Back,DEF,7,5211,2.365232121755387,3.184676792584733,-4.5745387,-2.4139624
Ángel Di María,Argentina,Right Wing,FWD,7,2995,1.1802617516417273,-1.6091203944602295,-10.129247,2.3829782
Nicolás Otamendi,Argentina,Left Center Back,DEF,11,3090,0.6066665254947736,2.522309873852225,-9.006603,-2.6249754
Lionel Messi,Argentina,Right Center Forward,FWD,11,5503,1.3159125127885867,-0.9760921270610504,-10.458593,2.0560784
Emiliano Martínez,Argentina,Goalkeeper,GK,7,6909,-6.760970851791494,-0.43482066805223424,10.327693,7.865367
Rodrigo De Paul,Argentina,Right Center Midfield,MID,7,7797,1.20745571732644,1.0474407751892805,-10.250159,0.05679249
Marcos Acuña,Argentina,Left Back,DEF,5,19597,0.786241671043345,-1.5728307071789769,-4.381028,-0.84253764
Cristian Romero,Argentina,Right Center Back,DEF,6,20572,-0.7463716276531178,2.187766132301876,-8.064172,-1.7256657
Alexis MacAllister,Argentina,Left Center Midfield,MID,6,27886,0.4640608847259059,-0.6811971209980323,-10.158761,2.038812
Nahuel Molina,Argentina,Right Back,DEF,6,29201,0.2975658374648913,-0.14524103731651725,-6.1538815,2.5181372
Julián Álvarez,Argentina,Left Center Forward,FWD,5,29560,0.3042270964350889,-3.9497617789794783,-10.399675,3.5134432
Enzo Fernandez,Argentina,Center Defensive Midfield,MID,5,38718,1.8596929096126913,1.8477891553304835,-9.817005,-0.88755244
Kamil Glik,Poland,Right Center Back,DEF,5,3034,-2.4914323176260282,1.21163420874262,-7.3118253,-1.4112968
Grzegorz Krychowiak,Poland,Left Defensive Midfield,MID,7,3637,-0.07543582908254196,0.31491183694468766,-8.182463,0.288101
Piotr Zieliński,Poland,Right Midfield,MID,7,5660,1.3916297421813053,-0.9604998780080155,-8.5628805,1.1839343
Robert Lewandowski,Poland,Center Forward,FWD,7,5668,1.23738471333954,-3.3937915739607534,-9.905148,3.9041023
Wojciech Szczęsny,Poland,Goalkeeper,GK,6,5669,-5.415420834598253,-0.10361394395347438,9.954655,7.283789
Bartosz Bereszyński,Poland,Left Back,DEF,6,5673,-0.4314713077470266,-1.662738787150973,-4.486492,-0.8037798
Héctor Herrera,Mexico,Right Center Midfield,MID,6,5575,0.9166018740009824,0.318820978289555,-8.488717,0.74065346
Kylian Mbappé,France,Left Wing,FWD,12,3009,0.6874941563278427,-2.8633040611878986,-10.879097,3.4963298
Adrien Rabiot,France,Left Defensive Midfield,MID,5,3026,0.38974598662352594,0.5948224737953038,-8.683261,-0.11519167
Hugo Lloris,France,Goalkeeper,GK,12,3099,-7.106780319580192,-0.3657111616915499,10.387871,7.743537
Olivier Giroud,France,Center Forward,FWD,12,3604,-0.20561148205607094,-4.34049067510957,-10.103874,4.053843
Jules Koundé,France,Right Back,DEF,5,4445,0.1577045669143165,0.6077288904092033,-6.0295954,2.5411522
Ousmane Dembélé,France,Right Wing,FWD,8,5477,0.3749838889149128,-1.1032837915986171,-9.732523,1.7039908
Raphaël Varane,France,Right Center Back,DEF,13,5485,-0.6572373447734972,2.0598267053993977,-7.939984,-1.5646309
Antoine Griezmann,France,Center Attacking Midfield,MID,13,5487,2.099560630313506,-2.0312985969648185,-9.61445,2.8875585
Theo Hernández,France,Left Back,DEF,5,6704,0.0669607789219051,0.6750728697125911,-4.119973,-1.6045303
Dayotchanculle Upamecano,France,Left Center Back,DEF,5,8519,-0.5140532742385064,1.4456031713669524,-7.3612986,-2.0241268
Aurélien Tchouaméni,France,Right Defensive Midfield,MID,7,10481,1.122460040766086,1.7805654406953029,-9.10723,0.059212036
Ismaïla Sarr,Senegal,Right Wing,FWD,7,2941,0.8462270015465428,-3.2778773957305307,-9.908601,4.20224
Youssouf Sabaly,Senegal,Right Back,DEF,7,3404,0.849773497465768,0.34724881130526414,-5.841307,2.5140924
Idrissa Gueye,Senegal,Center Attacking Midfield,MID,6,3436,2.2060579394362687,0.5302072337710466,-8.795282,0.634905
Kalidou Koulibaly,Senegal,Right Center Back,DEF,7,5675,-0.9909068913035974,1.9704313821146522,-7.60238,-1.9884315
Jan Vertonghen,Belgium,Left Center Back,DEF,9,3077,-0.21731257232384837,1.569390288803385,-8.1518755,-3.0886912
Kevin De Bruyne,Belgium,Right Wing,FWD,9,3089,2.162409725507242,-1.2414925542109052,-8.994823,1.4915017
Thibaut Courtois,Belgium,Goalkeeper,GK,10,3509,-6.451471399689323,0.35938194999071693,10.376885,7.840531
Eden Hazard,Belgium,Left Wing,FWD,8,3621,2.104318508230525,-1.4971265715735915,-9.147931,1.7134999
Yannick Carrasco,Belgium,Left Wing Back,DEF,5,5633,-0.6786670015213212,-1.974939855164527,-4.317261,-0.7670041
Axel Witsel,Belgium,Left Defensive Midfield,MID,9,5642,0.6667025366417457,0.44495185489768213,-8.978624,0.7018925
Toby Alderweireld,Belgium,Right Center Back,DEF,9,20005,0.2654767124697818,2.787004464073725,-8.774087,-1.8626754
Yann Sommer,Switzerland,Goalkeeper,GK,7,5550,-4.895499896926802,1.0618363773981618,9.806338,7.909699
Bernardo Silva,Portugal,Right Center Midfield,MID,7,3193,2.703023165304073,0.866942044189373,-10.3827095,-0.16729848
Bruno Fernandes,Portugal,Right Wing,FWD,5,5204,2.5993399748306327,-0.25723838651973746,-10.57276,1.3906573
William Carvalho,Portugal,Left Center Midfield,MID,6,5214,1.9016731257769781,2.484316373879066,-10.347173,-1.1310148
Edinson Cavani,Uruguay,Right Center Forward,FWD,5,4319,0.3834413053689319,-3.663101857941148,-9.856739,3.807603
Diego Godín,Uruguay,Left Center Back,DEF,7,5249,-0.9766574417402638,1.4426543172737578,-7.210631,-1.4582145
Matías Vecino,Uruguay,Left Center Midfield,MID,7,5255,1.3095398336519284,0.15463660270350385,-8.22843,0.6139965
José Giménez,Uruguay,Right Center Back,DEF,7,5259,-1.3005588867319384,1.2051835611880577,-7.6185613,-1.6091402
Rodrigo Bentancur,Uruguay,Center Attacking Midfield,MID,8,5260,0.6205792360689186,0.4878798402759787,-8.307608,0.49998263
Raheem Sterling,England,Right Center Forward,FWD,8,3233,0.24095124230646808,-2.072449134677958,-10.470043,2.7375607
Kieran Trippier,England,Right Midfield,MID,8,3308,0.3202659194907436,-0.6905289341425406,-6.5800624,2.2600093
Morteza Pouraliganji,Iran,Right Center Back,DEF,6,5220,-3.1546548445587463,-0.44347743205549556,-7.038705,-0.94483936
Mehdi Taremi,Iran,Center Attacking Midfield,MID,5,5226,0.7764737817786174,-3.8365850650594995,-9.751334,4.0435
Alireza Beiranvand,Iran,Goalkeeper,GK,5,5227,-5.25981998348468,-4.098630764750116,9.875069,7.3311605
Majid Hosseini,Iran,Left Center Back,DEF,5,5228,-2.9677642276212386,-1.3466035387821147,-6.992022,-0.9400666
Ehsan Hajsafi,Iran,Left Back,DEF,6,5230,-0.43472081925014494,-2.042068884979582,-4.7064786,-0.86313504
Sardar Azmoun,Iran,Center Forward,FWD,5,5224,1.0507025577823585,-3.9659518090657615,-9.953149,4.2586727
Ramin Rezaeian,Iran,Right Back,DEF,5,5235,-0.21761010231359607,-1.851174508870248,-6.3490047,2.8360603
Nathan Aké,Netherlands,Left Center Back,DEF,5,3306,-0.1224591028036466,2.942552053578923,-8.503587,-3.1434386
Daley Blind,Netherlands,Left Wing Back,DEF,5,3311,-0.131318243313352,1.1138400886636899,-4.1185083,-1.875087
Virgil van Dijk,Netherlands,Center Back,DEF,5,3669,-0.5639148587362643,2.969920460948401,-8.708922,-2.3442874
Frenkie de Jong,Netherlands,Left Defensive Midfield,MID,5,8118,2.213330020921997,2.1496023672470126,-9.876274,-0.8603506
Denzel Dumfries,Netherlands,Right Wing Back,DEF,5,8125,0.3999858926846833,-3.539615750597718,-9.837714,4.361338
Andries Noppert,Netherlands,Goalkeeper,GK,5,8326,-5.464575774209942,1.7580243657081083,9.718374,7.8929653
Cody Gakpo,Netherlands,Right Center Forward,FWD,5,20750,1.5267028322210092,-4.208084882143363,-10.2455635,3.7229822
Sofiane Boufal,Morocco,Left Wing,FWD,7,3625,0.7814215415256437,-2.870911015589877,-9.826156,3.7559748
Romain Saïss,Morocco,Left Center Back,DEF,8,5219,-0.6947169261773424,1.231404216682339,-7.1214557,-1.8425616
Sofyan Amrabat,Morocco,Center Defensive Midfield,MID,7,5234,0.42160038168411695,0.8806165639192581,-8.310527,0.42524418
Hakim Ziyech,Morocco,Right Wing,FWD,10,5237,1.7822454263858838,-1.3643745148995194,-9.401244,2.4512305
Achraf Hakimi,Morocco,Right Back,DEF,10,5245,0.48310573824275743,0.3672686337985285,-5.9078407,2.3880026
Youssef En-Nesyri,Morocco,Center Forward,FWD,7,6301,-2.642808810228379,-2.6306220287876307,-9.411544,3.6239388
Yassine Bounou,Morocco,Goalkeeper,GK,6,6785,-4.960661956280623,0.2990869430058631,9.814947,7.414129
Noussair Mazraoui,Morocco,Left Back,DEF,5,15890,-0.653796573889518,-1.3561956377554845,-4.094033,-0.84973764
Azzedine Ounahi,Morocco,Right Center Midfield,MID,6,46258,1.3731269479957176,-0.3574508292240017,-8.6043625,1.1249988
Dejan Lovren,Croatia,Right Center Back,DEF,12,3471,0.18900952495661338,2.3685114880874214,-8.800245,-2.2238681
Mateo Kovačić,Croatia,Left Center Midfield,MID,8,5456,1.8450055883611693,2.0259922657071923,-10.385412,-0.7060189
Andrej Kramarić,Croatia,Center Forward,FWD,10,5460,1.6443755461424017,-2.0470833864639153,-10.227139,2.9664845
Luka Modrić,Croatia,Right Center Midfield,MID,14,5463,2.6356522339473973,1.196142959499753,-10.362715,-0.32679987
Marcelo Brozović,Croatia,Center Defensive Midfield,MID,10,5469,2.3423273309414685,2.393119555002088,-10.246826,-0.92185205
Ivan Perišić,Croatia,Left Wing,FWD,14,5474,1.8633766846011892,-2.7173427208372893,-10.0369625,3.3601768
Borna Sosa,Croatia,Left Back,DEF,5,12625,0.9682554831902361,0.2131542098048433,-4.1599174,-1.6058333
Dominik Livaković,Croatia,Goalkeeper,GK,7,16531,-6.397164847032072,0.3949607818116784,10.089608,7.6149335
Josip Juranović,Croatia,Right Back,DEF,6,29163,0.8158396536882621,0.18717490187596192,-6.1918287,2.4251714
Joško Gvardiol,Croatia,Left Center Back,DEF,7,33018,0.442671367553534,2.7925397546061586,-8.681764,-3.008743
Benjamin Pavard,France,Right Back,DEF,7,5476,0.14872695575284198,0.28971089789788607,-5.9237423,2.522991
Lucas Hernandez,France,Left Back,DEF,8,5484,-0.20660820542908967,-2.2693581661819233,-4.0721483,-0.8536593
Gabriel Jesus,Brazil,Center Forward,FWD,6,3202,0.02702136425005524,-5.704509066859703,-10.422978,3.7635872
Thomas Meunier,Belgium,Right Back,DEF,7,3176,0.753883389908922,-0.956512659336607,-6.36583,2.685802
Hiroki Sakai,Japan,Right Back,DEF,5,3530,-0.4201585199602368,-1.8427488914765038,-6.23461,2.7851293
Luis Suárez,Uruguay,Right Center Forward,FWD,7,5246,0.7267964581535916,-3.2233500947648803,-9.739019,3.7731292
Martín Cáceres,Uruguay,Right Back,DEF,6,5248,-0.05748862747904818,-0.4790251055613558,-5.8114214,2.609632
Andrés Guardado,Mexico,Left Center Midfield,MID,5,5563,1.302886848888916,-0.1731696975276043,-8.351547,0.82638514
Celso Borges,Costa Rica,Right Defensive Midfield,MID,6,5582,0.35284981362779766,0.3487172203005057,-8.13222,0.33813265
Keylor Navas,Costa Rica,Goalkeeper,GK,6,5597,-5.750821976848945,0.15831348477318266,9.858054,7.4699
Óscar Duarte,Costa Rica,Right Center Back,DEF,5,5598,-0.7705433676392541,-0.47688255387921263,-7.1166363,-1.0240576
Bryan Oviedo,Costa Rica,Left Wing Back,DEF,5,5836,0.2153789738117099,-1.1304026556733053,-4.273422,-1.0163779
Raphaël Guerreiro,Portugal,Left Back,DEF,7,5209,1.4494385638160723,0.8459159577815003,-4.3776197,-2.0896606
Nicolás Tagliafico,Argentina,Left Back,DEF,7,5507,-0.3856537583649228,-0.12868735682824303,-3.9804575,-1.3957671
Roman Zobnin,Russia,Left Center Midfield,MID,5,5171,0.865995584740709,-1.4985532838757503,-8.52529,1.210436
Igor Akinfeev,Russia,Goalkeeper,GK,5,5172,-5.086077771732759,-3.1710383616436273,9.943369,7.192719
Sergei Ignashevich,Russia,Left Center Back,DEF,5,5174,-2.724357681818138,0.7698730081541257,-7.0759535,-1.2975068
Ilya Kutepov,Russia,Right Center Back,DEF,5,5175,-1.7062525024932649,0.06599869957159492,-7.274109,-0.96597046
Aleksandr Samedov,Russia,Right Wing,FWD,5,5182,1.047672850947016,-2.0366779969552824,-9.13423,2.4143538
Danijel Subašić,Croatia,Goalkeeper,GK,6,3444,-5.187153316117856,0.9779119570563782,9.810924,7.799677
Ivan Strinić,Croatia,Left Back,DEF,6,5457,0.3527083885576351,-0.08606025679819307,-4.2633243,-1.2100137
Šime Vrsaljko,Croatia,Right Back,DEF,6,5461,1.1971828723165798,0.6103940920255305,-6.024659,2.4773853
Ante Rebić,Croatia,Right Wing,FWD,6,5465,2.2306801785659904,-4.5974315320738395,-10.079216,3.53109
Domagoj Vida,Croatia,Left Center Back,DEF,6,5468,-1.3970253474564007,2.228170462148618,-7.599225,-2.1084614
Ivan Rakitić,Croatia,Left Center Midfield,MID,6,5470,1.759374000985534,1.4196715238641688,-9.811861,-0.39133856
Mario Mandžukić,Croatia,Center Forward,FWD,6,5472,0.8707662121722434,-3.133542711620156,-10.264784,3.4928968
N'Golo Kanté,France,Right Center Midfield,MID,7,3961,1.0151918854286979,1.33975509609588,-9.301306,-0.02866956
Samuel Umtiti,France,Left Center Back,DEF,6,5492,-2.055660504729934,1.6071743441027062,-7.0555987,-1.6007228
Paul Pogba,France,Left Center Midfield,MID,6,20004,1.2966298230849624,0.532128853798266,-9.666402,0.1003909
Willian,Brazil,Right Wing,FWD,5,3472,1.0556150373987658,-2.781970172121841,-9.482997,3.894586
Philippe Coutinho,Brazil,Left Center Midfield,MID,5,3501,1.2860013544377096,0.6432596732753175,-10.947437,0.556537
Paulinho,Brazil,Right Center Midfield,MID,5,5542,-0.1126938313227073,-0.6016792137582339,-9.78388,1.8645306
João Miranda de Souza Filho,Brazil,Left Center Back,DEF,5,5551,-1.2594998251284384,1.1378049462836526,-7.1944747,-1.8761076
Romelu Lukaku,Belgium,Center Forward,FWD,6,3289,0.0695870136932604,-3.432966208226448,-10.318046,3.8270369
Jesse Lingard,England,Right Center Midfield,MID,5,3293,1.011836686867008,-0.49304102269691413,-10.028154,1.5886357
Ashley Young,England,Left Midfield,MID,5,3612,-0.4152449781756043,-0.25805495004504087,-4.023667,-1.3491199
Ola Toivonen,Sweden,Left Center Forward,FWD,5,4417,0.6732028205989049,-6.015576743325513,-10.136716,4.2654595
Andreas Granqvist,Sweden,Left Center Back,DEF,5,5607,-1.387010530603473,1.0468836535220156,-7.0250645,-1.4386563
Viktor Claesson,Sweden,Right Midfield,MID,5,5613,0.6780340581473625,-1.5157107256620983,-8.752283,1.9750973
Ludwig Augustinsson,Sweden,Left Back,DEF,5,5621,-0.6766530027430994,-1.5635269196392685,-4.22979,-0.89451915
Robin Olsen,Sweden,Goalkeeper,GK,5,5622,-6.41830699175242,-2.1431288009100955,10.05254,7.216038
Albin Ekdal,Sweden,Left Center Midfield,MID,5,5624,0.5117265133096921,0.04238446880907302,-8.139114,0.47232842
Emil Peter Forsberg,Sweden,Left Midfield,MID,5,5625,0.09969621039791135,-1.663130706763107,-3.951916,-0.7638018
Marcus Berg,Sweden,Right Center Forward,FWD,5,11098,0.9091960293363763,-3.796122794051569,-9.814776,4.101652
Fernando Muslera,Uruguay,Goalkeeper,GK,5,5267,-7.061689759816438,-0.14176182965516435,10.23787,7.600451
