match_id,season,date,ok,reason,n_nodes,n_edges,total_passes,first_sub_minute,first_barca_sub_minute,window_passes_all,dropped_non_starter,starter_source
68317,2005/2006,2005-10-01,True,,11,81,253,61,61.0,355,0,lineups
68318,2005/2006,2005-10-22,True,,11,56,125,20,20.0,157,0,lineups
69164,2005/2006,2005-10-26,True,,11,79,225,45,45.0,314,0,lineups
68339,2005/2006,2005-11-06,True,,11,79,334,62,68.0,450,0,lineups
68319,2005/2006,2005-11-19,True,,11,74,195,57,69.0,295,0,lineups
68354,2005/2006,2005-11-27,True,,11,82,345,59,66.0,434,0,lineups
68320,2005/2006,2005-12-04,True,,11,71,227,66,71.0,333,0,lineups
68321,2005/2006,2005-12-11,True,,11,82,342,62,62.0,438,0,lineups
68322,2005/2006,2005-12-17,True,,11,75,179,56,64.0,301,0,lineups
68323,2005/2006,2005-12-20,True,,11,78,311,64,66.0,432,0,lineups
68348,2005/2006,2006-01-07,True,,11,67,229,56,57.0,330,0,lineups
68342,2005/2006,2006-01-15,True,,11,79,256,53,76.0,362,0,lineups
68324,2005/2006,2006-01-22,True,,11,78,275,56,72.0,379,0,lineups
68325,2005/2006,2006-01-29,True,,11,80,266,53,53.0,364,0,lineups
68350,2005/2006,2006-02-05,True,,11,68,153,45,45.0,245,0,lineups
69172,2005/2006,2006-02-18,True,,11,61,167,45,64.0,241,0,lineups
68351,2005/2006,2006-02-25,True,,11,77,303,54,54.0,398,0,lineups
68326,2006/2007,2006-08-28,True,,11,83,365,56,56.0,463,0,lineups
68327,2006/2007,2006-09-09,True,,11,83,348,55,61.0,433,0,lineups
68340,2006/2007,2006-09-17,True,,11,84,410,56,62.0,493,0,lineups
68328,2006/2007,2006-09-24,True,,11,75,296,45,45.0,368,0,lineups
68347,2006/2007,2006-09-30,True,,11,43,74,21,30.0,106,0,lineups
68329,2006/2007,2006-10-15,True,,11,66,156,29,29.0,196,0,lineups
68330,2006/2007,2006-10-22,True,,11,77,288,50,50.0,353,0,lineups
69174,2006/2007,2006-11-04,True,,11,77,254,45,63.0,325,0,lineups
68331,2006/2007,2006-11-12,True,,11,56,126,22,22.0,160,0,lineups
69154,2006/2007,2007-02-11,True,,11,80,335,60,60.0,420,0,lineups
68332,2006/2007,2007-02-18,True,,11,86,387,55,55.0,483,0,lineups
68333,2006/2007,2007-02-25,True,,11,76,280,45,66.0,365,0,lineups
68334,2006/2007,2007-03-03,True,,11,62,186,35,68.0,234,0,lineups
68335,2006/2007,2007-03-10,True,,11,75,235,45,45.0,304,0,lineups
68341,2006/2007,2007-03-17,True,,11,81,410,45,67.0,466,0,lineups
69175,2006/2007,2007-03-31,True,,11,86,351,60,74.0,437,0,lineups
69179,2006/2007,2007-04-07,True,,11,72,187,45,45.0,262,0,lineups
69159,2006/2007,2007-04-15,True,,11,83,330,58,58.0,426,0,lineups
69155,2006/2007,2007-04-22,True,,11,80,335,62,73.0,422,0,lineups
69156,2006/2007,2007-04-29,True,,11,78,286,58,61.0,389,0,lineups
69160,2006/2007,2007-05-05,True,,11,77,250,59,85.0,356,0,lineups
69162,2006/2007,2007-05-13,True,,11,73,268,45,45.0,321,0,lineups
69176,2006/2007,2007-05-20,True,,11,66,159,40,67.0,222,0,lineups
69157,2006/2007,2007-05-26,True,,11,74,208,59,61.0,297,0,lineups
69165,2006/2007,2007-06-09,True,,11,68,191,41,45.0,263,0,lineups
68336,2006/2007,2007-06-17,True,,11,77,407,56,71.0,492,0,lineups
69180,2007/2008,2007-08-26,True,,11,87,368,45,61.0,431,0,lineups
69169,2007/2008,2007-09-02,True,,11,75,355,45,61.0,409,0,lineups
69148,2007/2008,2007-09-22,True,,11,75,232,45,60.0,316,0,lineups
69151,2007/2008,2007-09-29,True,,11,78,242,45,45.0,300,0,lineups
69144,2007/2008,2007-10-07,True,,11,68,192,45,80.0,261,0,lineups
68364,2007/2008,2007-10-20,True,,11,66,212,45,45.0,275,0,lineups
69158,2007/2008,2007-10-28,True,,11,68,221,45,45.0,290,0,lineups
68363,2007/2008,2007-11-01,True,,11,81,324,60,60.0,428,0,lineups
69166,2007/2008,2007-11-04,True,,11,78,355,61,75.0,456,0,lineups
69178,2007/2008,2007-11-10,True,,11,74,207,45,45.0,279,0,lineups
69184,2007/2008,2007-11-24,True,,11,71,285,54,54.0,377,0,lineups
68356,2007/2008,2007-12-01,True,,11,87,245,63,63.0,348,0,lineups
69170,2007/2008,2007-12-09,True,,11,74,286,45,45.0,357,0,lineups
69145,2007/2008,2007-12-15,True,,11,83,249,41,44.0,313,0,lineups
69173,2007/2008,2008-01-20,True,,11,74,267,45,58.0,340,0,lineups
69181,2007/2008,2008-01-27,True,,11,72,257,45,62.0,323,0,lineups
69187,2007/2008,2008-02-03,True,,11,73,226,45,62.0,297,0,lineups
69146,2007/2008,2008-02-09,True,,11,69,202,45,45.0,263,0,lineups
69182,2007/2008,2008-02-16,True,,11,85,298,57,57.0,392,0,lineups
68360,2007/2008,2008-02-24,True,,11,75,175,23,66.0,213,0,lineups
68365,2007/2008,2008-03-01,True,,11,77,349,56,56.0,446,0,lineups
68358,2007/2008,2008-04-12,True,,11,69,196,45,64.0,284,0,lineups
68359,2007/2008,2008-04-19,True,,11,77,259,45,45.0,321,0,lineups
69141,2007/2008,2008-05-04,True,,11,77,255,45,65.0,319,0,lineups
68361,2007/2008,2008-05-07,True,,11,52,104,23,23.0,139,0,lineups
68366,2007/2008,2008-05-11,True,,11,76,215,45,45.0,267,0,lineups
69186,2007/2008,2008-05-17,True,,11,85,327,53,70.0,408,0,lineups
69147,2008/2009,2008-08-31,True,,11,75,328,56,56.0,420,0,lineups
69215,2008/2009,2008-09-13,True,,11,72,293,39,39.0,363,0,lineups
69138,2008/2009,2008-09-21,True,,11,77,253,45,67.0,328,0,lineups
69207,2008/2009,2008-09-24,True,,11,74,213,39,70.0,272,0,lineups
69211,2008/2009,2008-09-27,True,,11,63,174,45,55.0,243,0,lineups
69212,2008/2009,2008-10-04,True,,11,49,107,21,59.0,130,0,lineups
69232,2008/2009,2008-10-25,True,,11,75,240,45,58.0,306,0,lineups
69235,2008/2009,2008-11-01,True,,11,51,87,49,49.0,196,0,lineups
69279,2008/2009,2008-11-08,True,,11,69,169,45,68.0,241,0,lineups
69285,2008/2009,2008-11-16,True,,11,82,317,57,70.0,415,0,lineups
69171,2008/2009,2008-11-29,True,,11,83,301,53,74.0,401,0,lineups
69149,2008/2009,2008-12-06,True,,11,77,351,70,72.0,439,0,lineups
69225,2008/2009,2008-12-13,True,,11,69,194,36,63.0,250,0,lineups
69228,2008/2009,2008-12-21,True,,11,90,358,66,66.0,474,0,lineups
69230,2008/2009,2009-01-11,True,,11,79,267,45,64.0,358,0,lineups
69183,2008/2009,2009-01-17,True,,11,58,110,26,70.0,159,0,lineups
69189,2008/2009,2009-01-24,True,,11,72,368,62,73.0,467,0,lineups
69209,2008/2009,2009-02-01,True,,11,79,369,58,58.0,458,0,lineups
69231,2008/2009,2009-02-08,True,,11,76,401,61,68.0,495,0,lineups
69195,2008/2009,2009-02-14,True,,11,32,52,9,56.0,65,0,lineups
69139,2008/2009,2009-02-21,True,,11,52,108,23,23.0,140,0,lineups
69185,2008/2009,2009-03-01,True,,11,78,260,66,77.0,368,0,lineups
69216,2008/2009,2009-03-07,True,,11,76,235,45,81.0,297,0,lineups
69177,2008/2009,2009-03-15,True,,11,93,465,63,67.0,574,0,lineups
69142,2008/2009,2009-03-22,True,,11,70,192,25,25.0,235,0,lineups
69273,2008/2009,2009-04-04,True,,11,84,233,47,58.0,322,0,lineups
69222,2008/2009,2009-04-11,True,,11,85,303,61,61.0,402,0,lineups
69223,2008/2009,2009-04-18,True,,11,85,331,45,74.0,395,0,lineups
69251,2008/2009,2009-04-25,True,,11,83,230,62,62.0,349,0,lineups
69249,2008/2009,2009-05-02,True,,11,80,298,58,60.0,390,0,lineups
69217,2008/2009,2009-05-10,True,,11,87,354,63,78.0,442,0,lineups
69229,2009/2010,2009-09-12,True,,11,79,261,57,57.0,347,0,lineups
69292,2009/2010,2009-09-19,True,,11,80,284,56,64.0,357,0,lineups
69254,2009/2010,2009-09-22,True,,11,81,366,52,52.0,444,0,lineups
69255,2009/2010,2009-09-26,True,,11,59,154,28,28.0,194,0,lineups
69256,2009/2010,2009-10-03,True,,11,86,433,59,59.0,532,0,lineups
69252,2009/2010,2009-10-17,True,,11,87,345,71,76.0,478,0,lineups
69253,2009/2010,2009-10-25,True,,11,87,533,60,72.0,607,0,lineups
69277,2009/2010,2009-10-31,True,,11,82,353,60,60.0,464,0,lineups
69250,2009/2010,2009-11-07,True,,11,77,259,50,50.0,347,0,lineups
69288,2009/2010,2009-11-21,True,,11,80,279,56,75.0,368,0,lineups
69262,2009/2010,2009-11-29,True,,11,75,284,50,50.0,383,0,lineups
69267,2009/2010,2009-12-02,True,,11,81,292,54,54.0,404,0,lineups
69218,2009/2010,2009-12-05,True,,11,79,418,62,69.0,523,0,lineups
69219,2009/2010,2010-01-10,True,,11,79,200,45,76.0,273,0,lineups
69243,2009/2010,2010-01-16,True,,11,74,264,45,45.0,349,0,lineups
69210,2009/2010,2010-01-23,True,,11,84,374,60,60.0,481,0,lineups
69220,2009/2010,2010-01-30,True,,11,84,440,57,90.0,534,0,lineups
69240,2009/2010,2010-02-06,True,,11,85,275,51,51.0,341,0,lineups
69237,2009/2010,2010-02-14,True,,11,43,64,7,7.0,74,0,lineups
69233,2009/2010,2010-02-20,True,,11,84,349,59,67.0,435,0,lineups
69238,2009/2010,2010-02-27,True,,11,58,142,16,85.0,165,0,lineups
69226,2009/2010,2010-03-06,True,,11,85,427,66,73.0,519,0,lineups
69224,2009/2010,2010-03-14,True,,11,71,211,43,45.0,289,0,lineups
69227,2009/2010,2010-03-21,True,,11,79,214,45,62.0,285,0,lineups
69257,2009/2010,2010-03-24,True,,11,77,245,45,45.0,328,0,lineups
69298,2009/2010,2010-03-27,True,,11,80,293,50,50.0,371,0,lineups
69247,2009/2010,2010-04-03,True,,11,76,306,45,53.0,382,0,lineups
69259,2009/2010,2010-04-10,True,,11,87,273,56,63.0,367,0,lineups
69221,2009/2010,2010-04-14,True,,11,85,399,50,50.0,475,0,lineups
69213,2009/2010,2010-04-17,True,,11,72,279,56,56.0,387,0,lineups
69214,2009/2010,2010-04-24,True,,11,75,256,45,51.0,327,0,lineups
69244,2009/2010,2010-05-01,True,,11,89,327,45,79.0,396,0,lineups
69241,2009/2010,2010-05-04,True,,11,84,379,45,45.0,455,0,lineups
69239,2009/2010,2010-05-08,True,,11,63,181,26,65.0,221,0,lineups
69242,2009/2010,2010-05-16,True,,11,77,297,45,76.0,362,0,lineups
69286,2010/2011,2010-08-29,True,,11,81,235,45,45.0,303,0,lineups
69287,2010/2011,2010-09-11,True,,11,77,306,45,45.0,389,0,lineups
69269,2010/2011,2010-09-19,True,,11,87,326,51,77.0,404,0,lineups
69236,2010/2011,2010-10-03,True,,11,83,308,45,65.0,371,0,lineups
69260,2010/2011,2010-10-16,True,,11,83,273,61,78.0,379,0,lineups
69263,2010/2011,2010-10-23,True,,11,82,398,61,71.0,488,0,lineups
69289,2010/2011,2010-10-30,True,,11,77,284,45,59.0,355,0,lineups
69270,2010/2011,2010-11-07,True,,11,88,455,63,72.0,561,0,lineups
69308,2010/2011,2010-11-13,True,,11,85,468,69,71.0,559,0,lineups
69306,2010/2011,2010-11-20,True,,11,81,381,45,45.0,444,0,lineups
69299,2010/2011,2010-11-29,True,,11,80,296,45,75.0,355,0,lineups
69307,2010/2011,2010-12-04,True,,11,78,267,40,81.0,349,0,lineups
69302,2010/2011,2010-12-12,True,,11,79,511,51,51.0,589,0,lineups
69275,2010/2011,2010-12-18,True,,11,82,261,61,78.0,352,0,lineups
69280,2010/2011,2011-01-08,True,,11,86,445,54,69.0,522,0,lineups
69278,2010/2011,2011-01-16,True,,11,71,266,26,26.0,303,0,lineups
69295,2010/2011,2011-01-22,True,,11,88,369,45,45.0,427,0,lineups
69296,2010/2011,2011-01-29,True,,11,86,522,62,87.0,617,0,lineups
69276,2010/2011,2011-02-05,True,,11,82,336,45,79.0,404,0,lineups
69248,2010/2011,2011-02-12,True,,11,76,337,45,45.0,409,0,lineups
69282,2010/2011,2011-02-20,True,,11,82,390,45,64.0,465,0,lineups
69283,2010/2011,2011-02-26,True,,11,89,496,60,69.0,583,0,lineups
69274,2010/2011,2011-03-02,True,,11,75,218,45,62.0,316,0,lineups
69300,2010/2011,2011-03-05,True,,11,92,449,51,65.0,532,0,lineups
69291,2010/2011,2011-03-13,True,,11,55,127,13,13.0,147,0,lineups
69303,2010/2011,2011-03-19,True,,11,87,434,59,67.0,521,0,lineups
69304,2010/2011,2011-04-02,True,,11,81,398,52,52.0,464,0,lineups
69305,2010/2011,2011-04-09,True,,11,70,230,30,30.0,277,0,lineups
69245,2010/2011,2011-04-16,True,,11,84,423,56,58.0,501,0,lineups
69271,2010/2011,2011-04-23,True,,11,76,256,45,45.0,331,0,lineups
69246,2010/2011,2011-04-30,True,,11,54,129,13,13.0,143,0,lineups
69234,2010/2011,2011-05-08,True,,11,83,358,45,71.0,434,0,lineups
69272,2010/2011,2011-05-11,True,,11,93,660,61,61.0,736,0,lineups
69268,2011/2012,2011-08-29,True,,11,80,329,49,55.0,413,0,lineups
69264,2011/2012,2011-09-10,True,,11,77,272,31,31.0,320,0,lineups
70220,2011/2012,2011-09-17,True,,11,83,410,45,45.0,472,0,lineups
70223,2011/2012,2011-09-21,True,,11,77,229,45,56.0,312,0,lineups
69297,2011/2012,2011-09-24,True,,11,89,436,45,53.0,497,0,lineups
69265,2011/2012,2011-10-02,True,,11,87,516,55,55.0,588,0,lineups
69293,2011/2012,2011-10-15,True,,11,48,105,7,7.0,113,0,lineups
69329,2011/2012,2011-10-22,True,,11,91,491,61,61.0,583,0,lineups
69318,2011/2012,2011-10-25,True,,11,80,454,55,55.0,535,0,lineups
69314,2011/2012,2011-10-29,True,,11,80,352,45,45.0,421,0,lineups
69330,2011/2012,2011-11-06,True,,11,84,336,60,60.0,444,0,lineups
69331,2011/2012,2011-11-19,True,,11,83,277,45,55.0,348,0,lineups
69315,2011/2012,2011-11-26,True,,11,85,317,48,64.0,387,0,lineups
69332,2011/2012,2011-11-29,True,,11,74,175,45,53.0,254,0,lineups
69333,2011/2012,2011-12-03,True,,11,74,305,35,35.0,350,0,lineups
69334,2011/2012,2011-12-10,True,,11,83,304,58,78.0,402,0,lineups
69312,2011/2012,2012-01-08,True,,11,80,272,45,71.0,349,0,lineups
69327,2011/2012,2012-01-15,True,,11,78,306,45,45.0,363,0,lineups
69335,2011/2012,2012-01-22,True,,11,87,556,59,63.0,636,0,lineups
69338,2011/2012,2012-01-28,True,,11,92,343,59,59.0,469,0,lineups
69316,2011/2012,2012-02-04,True,,11,94,470,57,75.0,553,0,lineups
69336,2011/2012,2012-02-11,True,,11,74,213,45,45.0,306,0,lineups
69328,2011/2012,2012-02-19,True,,11,70,152,24,67.0,200,0,lineups
69337,2011/2012,2012-02-26,True,,11,89,542,70,70.0,657,0,lineups
69322,2011/2012,2012-03-11,True,,11,79,373,45,72.0,442,0,lineups
69326,2011/2012,2012-03-17,True,,11,88,350,57,68.0,448,0,lineups
70225,2011/2012,2012-03-20,True,,11,87,400,45,45.0,466,0,lineups
69325,2011/2012,2012-03-24,True,,11,84,328,53,59.0,411,0,lineups
69323,2011/2012,2012-03-31,True,,11,86,256,45,61.0,327,0,lineups
70219,2011/2012,2012-04-07,True,,11,83,279,54,54.0,372,0,lineups
69343,2011/2012,2012-04-10,True,,11,84,488,67,75.0,608,0,lineups
70221,2011/2012,2012-04-14,True,,11,77,326,45,45.0,396,0,lineups
69324,2011/2012,2012-04-21,True,,11,84,471,68,68.0,578,0,lineups
70224,2011/2012,2012-04-29,True,,11,70,190,28,59.0,229,0,lineups
69340,2011/2012,2012-05-02,True,,11,89,433,60,67.0,512,0,lineups
69320,2011/2012,2012-05-05,True,,11,89,383,59,64.0,491,0,lineups
69319,2011/2012,2012-05-12,True,,11,93,373,57,57.0,447,0,lineups
70259,2012/2013,2012-08-19,True,,11,84,389,50,50.0,451,0,lineups
70262,2012/2013,2012-08-26,True,,11,77,319,62,62.0,442,0,lineups
70286,2012/2013,2012-09-02,True,,11,81,366,45,45.0,429,0,lineups
70292,2012/2013,2012-09-15,True,,11,84,393,56,56.0,477,0,lineups
70270,2012/2013,2012-09-22,True,,11,83,355,52,52.0,444,0,lineups
70275,2012/2013,2012-09-29,True,,11,74,243,37,69.0,312,0,lineups
70300,2012/2013,2012-10-07,True,,11,68,187,27,27.0,228,0,lineups
70304,2012/2013,2012-10-20,True,,11,73,417,53,53.0,472,0,lineups
70276,2012/2013,2012-10-27,True,,11,75,241,57,62.0,353,0,lineups
70308,2012/2013,2012-11-03,True,,11,75,372,38,38.0,415,0,lineups
266724,2012/2013,2012-11-11,True,,11,77,368,45,65.0,452,0,lineups
70309,2012/2013,2012-11-17,True,,11,88,457,57,61.0,541,0,lineups
70280,2012/2013,2012-11-25,True,,11,63,147,13,13.0,171,0,lineups
70263,2012/2013,2012-12-01,True,,11,83,275,45,73.0,335,0,lineups
70295,2012/2013,2012-12-09,True,,11,53,91,9,9.0,101,0,lineups
70296,2012/2013,2012-12-16,True,,11,71,337,45,74.0,413,0,lineups
266015,2012/2013,2012-12-22,True,,11,89,511,64,76.0,620,0,lineups
266433,2012/2013,2013-01-06,True,,11,83,567,59,62.0,651,0,lineups
266827,2012/2013,2013-01-13,True,,11,88,493,61,72.0,572,0,lineups
70287,2012/2013,2013-01-19,True,,11,88,424,58,58.0,517,0,lineups
70260,2012/2013,2013-01-27,True,,11,74,286,45,60.0,352,0,lineups
70282,2012/2013,2013-02-03,True,,11,90,370,54,54.0,459,0,lineups
70297,2012/2013,2013-02-10,True,,11,80,401,45,45.0,459,0,lineups
70294,2012/2013,2013-02-16,True,,11,71,289,37,37.0,334,0,starting_xi_event
70271,2012/2013,2013-02-23,True,,11,84,341,45,45.0,408,0,lineups
70272,2012/2013,2013-03-02,True,,11,82,532,56,66.0,616,0,lineups
70305,2012/2013,2013-03-09,True,,11,85,572,61,61.0,656,0,lineups
70307,2012/2013,2013-03-17,True,,11,56,102,22,22.0,142,0,lineups
70256,2012/2013,2013-03-30,True,,11,74,340,60,64.0,457,0,lineups
267502,2012/2013,2013-04-27,True,,11,81,232,45,45.0,324,0,lineups
70281,2012/2013,2013-05-05,True,,11,76,293,45,55.0,376,0,lineups
70284,2012/2013,2013-05-12,True,,11,76,309,41,41.0,368,0,lineups
70277,2013/2014,2013-08-18,True,,11,80,348,45,63.0,404,0,lineups
70298,2013/2014,2013-09-01,True,,11,91,413,67,71.0,528,0,lineups
70301,2013/2014,2013-09-14,True,,11,53,114,14,14.0,139,0,lineups
70302,2013/2014,2013-09-21,True,,11,69,130,45,74.0,210,0,lineups
267520,2013/2014,2013-09-24,True,,11,57,121,20,34.0,152,0,lineups
266420,2013/2014,2013-09-28,True,,11,70,185,28,28.0,226,0,lineups
266462,2013/2014,2013-10-19,True,,11,28,40,5,67.0,45,0,lineups
70293,2013/2014,2013-10-26,True,,11,86,308,55,69.0,384,0,lineups
267192,2013/2014,2013-10-29,True,,11,71,162,30,30.0,200,0,lineups
70283,2013/2014,2013-11-01,True,,11,84,476,62,82.0,578,0,lineups
266883,2013/2014,2013-11-10,True,,11,55,93,20,20.0,131,0,lineups
265830,2013/2014,2014-01-11,True,,11,81,331,45,45.0,411,0,lineups
70288,2013/2014,2014-01-19,True,,11,81,371,55,72.0,458,0,lineups
70291,2013/2014,2014-01-26,True,,11,67,187,24,60.0,225,0,lineups
266613,2013/2014,2014-02-01,True,,11,82,471,64,64.0,551,0,lineups
267675,2013/2014,2014-02-09,True,,11,82,371,63,72.0,457,0,lineups
265918,2013/2014,2014-02-15,True,,11,74,262,41,61.0,328,0,lineups
265837,2013/2014,2014-02-22,True,,11,85,351,60,60.0,430,0,lineups
266066,2013/2014,2014-03-02,True,,11,81,464,61,71.0,549,0,lineups
266603,2013/2014,2014-03-08,True,,11,83,360,58,60.0,462,0,lineups
266074,2013/2014,2014-03-16,True,,11,83,446,61,61.0,533,0,lineups
265857,2013/2014,2014-03-23,True,,11,83,426,65,68.0,519,0,lineups
266274,2013/2014,2014-03-26,True,,11,72,171,23,23.0,199,0,lineups
70306,2013/2014,2014-03-29,True,,11,83,304,48,76.0,395,0,lineups
267368,2013/2014,2014-04-05,True,,11,86,396,60,78.0,505,0,lineups
267138,2013/2014,2014-04-12,True,,11,89,433,64,66.0,532,0,lineups
267567,2013/2014,2014-04-20,True,,11,91,304,63,69.0,435,0,lineups
70289,2013/2014,2014-04-27,True,,11,57,109,13,61.0,137,0,lineups
266491,2013/2014,2014-05-03,True,,11,78,304,46,65.0,369,0,lineups
266201,2013/2014,2014-05-11,True,,11,82,339,67,67.0,438,0,lineups
266256,2013/2014,2014-05-17,True,,11,39,66,16,56.0,92,0,lineups
266921,2014/2015,2014-08-24,True,,11,78,393,45,45.0,452,0,lineups
266406,2014/2015,2014-08-31,True,,11,84,436,58,58.0,525,0,lineups
70273,2014/2015,2014-09-13,True,,11,84,305,45,45.0,388,0,lineups
266770,2014/2015,2014-09-21,True,,11,84,396,50,50.0,468,0,lineups
266838,2014/2015,2014-09-24,True,,11,87,404,63,63.0,492,0,lineups
266117,2014/2015,2014-09-27,True,,11,78,305,45,57.0,399,0,lineups
267561,2014/2015,2014-10-04,True,,11,80,199,45,58.0,278,0,lineups
265896,2014/2015,2014-10-18,True,,11,89,407,54,54.0,493,0,lineups
267085,2014/2015,2014-10-25,True,,11,86,338,59,59.0,411,0,lineups
267301,2014/2015,2014-11-01,True,,11,90,294,64,64.0,427,0,lineups
267499,2014/2015,2014-11-08,True,,11,73,240,45,45.0,299,0,lineups
265835,2014/2015,2014-11-22,True,,11,88,397,60,73.0,491,0,lineups
266560,2014/2015,2014-11-30,True,,11,86,449,67,67.0,555,0,lineups
266320,2014/2015,2014-12-07,True,,11,87,487,58,64.0,563,0,lineups
70264,2014/2015,2014-12-13,True,,11,90,476,61,65.0,569,0,lineups
266846,2014/2015,2014-12-20,True,,11,89,497,59,64.0,595,0,lineups
266240,2014/2015,2015-01-04,True,,11,71,291,45,45.0,379,0,lineups
70303,2014/2015,2015-01-11,True,,11,83,388,67,88.0,495,0,lineups
266230,2014/2015,2015-01-18,True,,11,82,371,45,65.0,445,0,lineups
266794,2014/2015,2015-01-24,True,,11,82,374,59,69.0,456,0,lineups
267597,2014/2015,2015-02-01,True,,11,82,434,70,70.0,543,0,lineups
266871,2014/2015,2015-02-08,True,,11,86,340,51,68.0,425,0,lineups
266741,2014/2015,2015-02-15,True,,11,94,491,61,61.0,573,0,lineups
266148,2014/2015,2015-02-21,True,,11,84,311,49,62.0,396,0,lineups
267343,2014/2015,2015-02-28,True,,11,80,241,65,65.0,342,0,lineups
266916,2014/2015,2015-03-08,True,,11,80,249,59,59.0,356,0,lineups
266967,2014/2015,2015-03-14,True,,11,88,426,58,61.0,516,0,lineups
267183,2014/2015,2015-03-22,True,,11,76,311,72,75.0,401,0,lineups
266929,2014/2015,2015-04-05,True,,11,81,277,56,56.0,380,0,lineups
267400,2014/2015,2015-04-08,True,,11,81,323,55,63.0,402,0,lineups
266142,2014/2015,2015-04-11,True,,11,91,492,69,73.0,597,0,lineups
266525,2014/2015,2015-04-18,True,,11,80,255,45,45.0,312,0,lineups
266531,2014/2015,2015-04-25,True,,11,92,485,60,63.0,582,0,lineups
265963,2014/2015,2015-04-28,True,,11,82,390,45,45.0,434,0,lineups
265866,2014/2015,2015-05-02,True,,11,77,339,45,60.0,405,0,lineups
266045,2014/2015,2015-05-09,True,,11,84,309,60,60.0,412,0,lineups
266631,2014/2015,2015-05-17,True,,11,92,457,66,79.0,561,0,lineups
267197,2014/2015,2015-05-23,True,,11,82,355,38,62.0,400,0,lineups
266236,2015/2016,2015-08-23,True,,11,54,175,18,18.0,204,0,lineups
267422,2015/2016,2015-08-29,True,,11,59,154,24,62.0,199,0,lineups
266166,2015/2016,2015-09-12,True,,11,66,193,27,27.0,245,0,lineups
266490,2015/2016,2015-09-20,True,,11,88,413,61,61.0,501,0,lineups
266467,2015/2016,2015-09-23,True,,11,74,237,57,57.0,333,0,lineups
267611,2015/2016,2015-09-26,True,,11,30,45,9,9.0,55,0,lineups
3825617,2015/2016,2015-10-03,True,,11,77,259,59,59.0,348,0,lineups
3825627,2015/2016,2015-10-17,True,,11,85,218,45,55.0,275,0,lineups
3825637,2015/2016,2015-10-25,True,,11,72,277,45,55.0,356,0,lineups
3825645,2015/2016,2015-10-31,True,,11,85,387,59,60.0,487,0,lineups
3825660,2015/2016,2015-11-08,True,,11,86,367,65,78.0,477,0,lineups
266424,2015/2016,2015-11-21,True,,11,73,194,27,27.0,226,0,lineups
266885,2015/2016,2015-11-28,True,,11,84,299,57,61.0,400,0,lineups
267274,2015/2016,2015-12-05,True,,11,86,481,71,,583,0,lineups
266961,2015/2016,2015-12-12,True,,11,71,286,45,67.0,355,0,lineups
267327,2015/2016,2015-12-30,True,,11,45,92,16,56.0,127,0,lineups
266670,2015/2016,2016-01-02,True,,11,90,382,59,70.0,474,0,lineups
266620,2015/2016,2016-01-09,True,,11,74,250,45,64.0,330,0,lineups
266149,2015/2016,2016-01-17,True,,11,17,18,5,45.0,26,0,lineups
265894,2015/2016,2016-01-23,True,,11,80,249,45,45.0,316,0,lineups
267576,2015/2016,2016-01-30,True,,11,74,290,45,66.0,346,0,lineups
266160,2015/2016,2016-02-07,True,,11,78,361,67,67.0,462,0,lineups
266254,2015/2016,2016-02-14,True,,11,77,282,60,60.0,396,0,lineups
266815,2015/2016,2016-02-17,True,,11,85,496,67,79.0,587,0,lineups
267273,2015/2016,2016-02-20,True,,11,68,223,45,45.0,287,0,lineups
265839,2015/2016,2016-02-28,True,,11,84,388,54,54.0,479,0,lineups
266653,2015/2016,2016-03-03,True,,11,80,226,55,65.0,315,0,lineups
266056,2015/2016,2016-03-06,True,,11,94,525,67,79.0,632,0,lineups
266498,2015/2016,2016-03-12,True,,11,80,369,53,60.0,437,0,lineups
266106,2015/2016,2016-03-20,True,,11,81,400,54,54.0,465,0,lineups
267533,2015/2016,2016-04-02,True,,11,89,514,73,73.0,593,0,lineups
266664,2015/2016,2016-04-09,True,,11,82,331,45,45.0,401,0,lineups
266557,2015/2016,2016-04-17,True,,11,84,368,59,,466,0,lineups
266310,2015/2016,2016-04-20,True,,11,84,426,57,57.0,495,0,lineups
265944,2015/2016,2016-04-23,True,,11,78,304,45,45.0,383,0,lineups
266986,2015/2016,2016-04-30,True,,11,83,359,54,73.0,433,0,lineups
265958,2015/2016,2016-05-08,True,,11,84,250,45,69.0,310,0,lineups
267506,2015/2016,2016-05-14,True,,11,71,257,45,74.0,313,0,lineups
267670,2016/2017,2016-08-20,True,,11,68,226,35,69.0,279,0,lineups
266892,2016/2017,2016-08-28,True,,11,85,380,61,70.0,482,0,lineups
266669,2016/2017,2016-09-10,True,,11,85,438,59,59.0,521,0,lineups
267212,2016/2017,2016-09-17,True,,11,76,199,45,55.0,269,0,lineups
267220,2016/2017,2016-09-21,True,,11,84,398,50,50.0,480,0,lineups
267492,2016/2017,2016-10-15,True,,11,73,210,28,45.0,248,0,lineups
266033,2016/2017,2016-10-22,True,,11,44,88,13,13.0,104,0,lineups
267058,2016/2017,2016-10-29,True,,11,80,400,59,70.0,490,0,lineups
266989,2016/2017,2016-11-06,True,,11,85,300,67,71.0,387,0,lineups
266191,2016/2017,2016-11-27,True,,11,63,142,45,45.0,229,0,lineups
267076,2016/2017,2016-12-03,True,,11,80,287,59,59.0,371,0,lineups
266357,2016/2017,2016-12-10,True,,11,82,350,45,64.0,419,0,lineups
266528,2016/2017,2016-12-18,True,,11,85,318,52,65.0,383,0,lineups
266477,2016/2017,2017-01-08,True,,11,86,481,67,67.0,579,0,lineups
267395,2016/2017,2017-01-14,True,,11,67,185,33,62.0,229,0,lineups
266731,2016/2017,2017-01-22,True,,11,32,42,9,9.0,58,0,lineups
266516,2016/2017,2017-01-29,True,,11,82,302,58,58.0,391,0,lineups
266874,2016/2017,2017-02-04,True,,11,73,211,45,45.0,276,0,lineups
266273,2016/2017,2017-02-11,True,,11,77,351,45,63.0,425,0,lineups
267596,2016/2017,2017-02-19,True,,11,91,496,64,79.0,591,0,lineups
267464,2016/2017,2017-02-26,True,,11,79,272,67,70.0,392,0,lineups
265952,2016/2017,2017-03-01,True,,11,80,285,45,45.0,349,0,lineups
266299,2016/2017,2017-03-04,True,,11,85,241,50,60.0,325,0,lineups
267660,2016/2017,2017-03-12,True,,11,81,364,57,57.0,455,0,lineups
266440,2016/2017,2017-03-19,True,,11,70,255,45,64.0,328,0,lineups
266280,2016/2017,2017-04-05,True,,11,81,300,45,64.0,359,0,lineups
267590,2016/2017,2017-04-08,True,,11,74,253,45,45.0,338,0,lineups
267373,2016/2017,2017-04-15,True,,11,88,299,61,68.0,381,0,lineups
267569,2016/2017,2017-04-23,True,,11,76,219,38,69.0,267,0,lineups
267101,2016/2017,2017-04-26,True,,11,87,461,62,62.0,557,0,lineups
267077,2016/2017,2017-04-29,True,,11,93,346,60,77.0,451,0,lineups
266952,2016/2017,2017-05-06,True,,11,91,503,71,75.0,600,0,lineups
267039,2016/2017,2017-05-14,True,,11,77,369,57,57.0,448,0,lineups
267432,2016/2017,2017-05-21,True,,11,81,258,45,45.0,345,0,lineups
9575,2017/2018,2017-08-20,True,,11,92,433,67,71.0,515,0,lineups
9581,2017/2018,2017-08-26,True,,11,88,416,56,56.0,499,0,lineups
9592,2017/2018,2017-09-09,True,,11,83,404,57,67.0,490,0,lineups
9602,2017/2018,2017-09-16,True,,11,65,240,28,28.0,272,0,lineups
9609,2017/2018,2017-09-19,True,,11,87,359,62,62.0,450,0,lineups
9620,2017/2018,2017-09-23,True,,11,89,304,59,65.0,395,0,lineups
9636,2017/2018,2017-10-01,True,,11,77,205,45,45.0,260,0,lineups
9642,2017/2018,2017-10-14,True,,11,83,443,58,60.0,523,0,lineups
9650,2017/2018,2017-10-21,True,,11,85,330,45,71.0,391,0,lineups
9661,2017/2018,2017-10-28,True,,11,88,347,67,82.0,468,0,lineups
9673,2017/2018,2017-11-04,True,,11,91,347,59,59.0,429,0,lineups
9682,2017/2018,2017-11-18,True,,11,73,275,45,58.0,349,0,lineups
9695,2017/2018,2017-11-26,True,,11,87,485,67,67.0,596,0,lineups
9700,2017/2018,2017-12-02,True,,11,16,19,3,52.0,25,0,lineups
9717,2017/2018,2017-12-10,True,,11,86,345,47,57.0,417,0,lineups
9726,2017/2018,2017-12-17,True,,11,68,195,22,22.0,222,0,lineups
9736,2017/2018,2017-12-23,True,,11,87,309,65,76.0,383,0,lineups
9742,2017/2018,2018-01-07,True,,11,87,413,61,66.0,492,0,lineups
9754,2017/2018,2018-01-14,True,,11,78,282,54,64.0,356,0,lineups
9765,2017/2018,2018-01-21,True,,11,84,221,42,42.0,293,0,lineups
9774,2017/2018,2018-01-28,True,,11,84,383,51,51.0,466,0,lineups
9783,2017/2018,2018-02-04,True,,11,85,373,58,58.0,469,0,lineups
9794,2017/2018,2018-02-11,True,,11,88,474,61,61.0,573,0,lineups
9799,2017/2018,2018-02-17,True,,11,74,200,45,62.0,283,0,lineups
9811,2017/2018,2018-02-24,True,,11,81,226,45,63.0,285,0,lineups
9827,2017/2018,2018-03-01,True,,11,79,227,56,56.0,302,0,lineups
9837,2017/2018,2018-03-04,True,,11,77,229,35,35.0,289,0,lineups
9855,2017/2018,2018-03-18,True,,11,85,275,45,63.0,332,0,lineups
9860,2017/2018,2018-03-31,True,,11,72,230,45,57.0,296,0,lineups
9870,2017/2018,2018-04-07,True,,11,73,323,45,73.0,384,0,lineups
9880,2017/2018,2018-04-14,True,,11,82,481,68,78.0,578,0,lineups
9889,2017/2018,2018-04-17,True,,11,79,280,59,59.0,370,0,lineups
9912,2017/2018,2018-04-29,True,,11,89,490,67,67.0,588,0,lineups
9924,2017/2018,2018-05-06,True,,11,80,290,45,45.0,353,0,lineups
9928,2017/2018,2018-05-09,True,,11,83,312,45,60.0,364,0,lineups
9948,2017/2018,2018-05-20,True,,11,84,335,52,52.0,398,0,lineups
15946,2018/2019,2018-08-18,True,,11,81,369,45,45.0,440,0,lineups
15956,2018/2019,2018-08-25,True,,11,86,378,63,75.0,479,0,lineups
15973,2018/2019,2018-09-02,True,,11,80,375,57,64.0,446,0,lineups
15978,2018/2019,2018-09-15,True,,11,80,325,45,45.0,390,0,lineups
15986,2018/2019,2018-09-23,True,,11,83,381,45,45.0,431,0,lineups
15998,2018/2019,2018-09-26,True,,11,88,516,60,60.0,602,0,lineups
16010,2018/2019,2018-09-29,True,,11,56,108,22,50.0,140,0,lineups
16023,2018/2019,2018-10-07,True,,11,39,70,11,83.0,85,0,lineups
16029,2018/2019,2018-10-20,True,,11,63,147,25,25.0,184,0,lineups
16056,2018/2019,2018-11-11,True,,11,75,214,45,45.0,283,0,lineups
16073,2018/2019,2018-11-24,True,,11,84,337,45,45.0,387,0,lineups
16079,2018/2019,2018-12-02,True,,11,92,498,66,69.0,583,0,lineups
16086,2018/2019,2018-12-08,True,,11,90,357,58,67.0,429,0,lineups
16095,2018/2019,2018-12-16,True,,11,76,247,51,51.0,311,0,lineups
16109,2018/2019,2018-12-22,True,,11,80,252,45,62.0,317,0,lineups
16120,2018/2019,2019-01-06,True,,11,87,465,57,69.0,536,0,lineups
16131,2018/2019,2019-01-13,True,,11,77,371,63,65.0,471,0,lineups
16136,2018/2019,2019-01-20,True,,11,90,452,63,63.0,561,0,lineups
16149,2018/2019,2019-01-27,True,,11,83,297,57,57.0,386,0,lineups
16157,2018/2019,2019-02-02,True,,11,69,277,39,45.0,327,0,lineups
16173,2018/2019,2019-02-10,True,,11,91,364,56,62.0,445,0,lineups
16182,2018/2019,2019-02-16,True,,11,87,417,59,59.0,498,0,lineups
16190,2018/2019,2019-02-23,True,,11,78,261,45,45.0,334,0,lineups
16196,2018/2019,2019-03-02,True,,11,81,254,54,70.0,320,0,lineups
16205,2018/2019,2019-03-09,True,,11,82,268,45,45.0,330,0,lineups
16215,2018/2019,2019-03-17,True,,11,88,245,63,63.0,314,0,lineups
16231,2018/2019,2019-03-30,True,,11,87,402,58,58.0,492,0,lineups
16240,2018/2019,2019-04-02,True,,11,85,381,60,60.0,459,0,lineups
16248,2018/2019,2019-04-06,True,,11,77,234,34,62.0,280,0,lineups
16265,2018/2019,2019-04-20,True,,11,83,297,53,55.0,382,0,lineups
16275,2018/2019,2019-04-23,True,,11,80,390,45,60.0,460,0,lineups
16289,2018/2019,2019-04-27,True,,11,73,322,45,45.0,382,0,lineups
16306,2018/2019,2019-05-12,True,,11,84,458,45,61.0,527,0,lineups
16317,2018/2019,2019-05-19,True,,11,77,258,45,45.0,313,0,lineups
303666,2019/2020,2019-09-21,True,,11,75,295,45,45.0,364,0,lineups
303430,2019/2020,2019-09-24,True,,11,78,266,45,45.0,326,0,lineups
303473,2019/2020,2019-10-06,True,,11,79,258,45,64.0,307,0,lineups
303700,2019/2020,2019-10-19,True,,11,74,221,45,45.0,291,0,lineups
303600,2019/2020,2019-10-29,True,,11,69,204,32,59.0,243,0,lineups
303504,2019/2020,2019-11-02,True,,11,75,235,39,39.0,281,0,lineups
303487,2019/2020,2019-11-09,True,,11,68,165,22,22.0,187,0,lineups
303715,2019/2020,2019-11-23,True,,11,86,396,56,56.0,501,0,lineups
303524,2019/2020,2019-12-01,True,,11,90,481,65,73.0,578,0,lineups
303451,2019/2020,2019-12-07,True,,11,85,411,58,63.0,486,0,lineups
303664,2019/2020,2019-12-14,True,,11,83,270,58,72.0,347,0,lineups
303596,2019/2020,2019-12-18,True,,11,86,303,54,54.0,378,0,lineups
303517,2019/2020,2019-12-21,True,,11,88,490,52,78.0,562,0,lineups
303652,2019/2020,2020-01-04,True,,11,83,347,45,45.0,404,0,lineups
303610,2019/2020,2020-01-19,True,,11,91,562,55,70.0,644,0,lineups
303400,2019/2020,2020-01-25,True,,11,90,512,55,55.0,569,0,lineups
303682,2019/2020,2020-02-02,True,,11,92,464,58,70.0,545,0,lineups
303707,2019/2020,2020-02-09,True,,11,97,405,56,56.0,475,0,lineups
303377,2019/2020,2020-02-15,True,,11,66,140,21,21.0,184,0,lineups
303731,2019/2020,2020-02-22,True,,11,91,431,58,58.0,542,0,lineups
303470,2019/2020,2020-03-01,True,,11,95,482,69,69.0,575,0,lineups
303479,2019/2020,2020-03-07,True,,11,85,337,57,73.0,422,0,lineups
303548,2019/2020,2020-06-13,True,,11,86,360,45,45.0,418,0,lineups
303532,2019/2020,2020-06-16,True,,11,79,470,45,52.0,528,0,lineups
303674,2019/2020,2020-06-19,True,,11,89,305,45,62.0,381,0,lineups
303493,2019/2020,2020-06-23,True,,11,89,433,55,55.0,534,0,lineups
303516,2019/2020,2020-06-27,True,,11,89,460,59,68.0,536,0,lineups
303696,2019/2020,2020-06-30,True,,11,93,454,62,62.0,516,0,lineups
303725,2019/2020,2020-07-05,True,,11,79,268,35,59.0,310,0,lineups
303615,2019/2020,2020-07-08,True,,11,88,398,45,45.0,474,0,lineups
303680,2019/2020,2020-07-11,True,,11,71,202,24,45.0,226,0,lineups
303634,2019/2020,2020-07-16,True,,11,86,373,45,58.0,444,0,lineups
303421,2019/2020,2020-07-19,True,,11,80,307,45,49.0,356,0,lineups
3773593,2020/2021,2020-09-27,True,,11,86,320,45,69.0,376,0,lineups
3773466,2020/2021,2020-10-01,True,,11,76,249,31,45.0,300,0,lineups
3773672,2020/2021,2020-10-04,True,,11,90,368,60,60.0,453,0,lineups
3773587,2020/2021,2020-10-17,True,,11,89,349,61,61.0,426,0,lineups
3773585,2020/2021,2020-10-24,True,,11,66,198,42,80.0,241,0,lineups
3773386,2020/2021,2020-10-31,True,,11,79,297,40,45.0,345,0,lineups
3773477,2020/2021,2020-11-07,True,,11,78,216,45,45.0,264,0,lineups
3773656,2020/2021,2020-11-21,True,,11,85,388,56,56.0,452,0,lineups
3773547,2020/2021,2020-11-29,True,,11,75,194,22,45.0,229,0,lineups
3773428,2020/2021,2020-12-05,True,,11,72,224,30,45.0,267,0,lineups
3773660,2020/2021,2020-12-13,True,,11,93,382,57,57.0,467,0,lineups
3773523,2020/2021,2020-12-16,True,,11,94,316,55,65.0,391,0,lineups
3773377,2020/2021,2020-12-19,True,,11,76,328,42,45.0,390,0,lineups
3773571,2020/2021,2020-12-22,True,,11,77,350,45,70.0,407,0,lineups
3773552,2020/2021,2021-01-03,True,,11,89,549,64,74.0,624,0,lineups
3764661,2020/2021,2021-01-06,True,,11,67,182,30,74.0,217,0,lineups
3773565,2020/2021,2021-01-09,True,,11,82,289,45,64.0,338,0,lineups
3773403,2020/2021,2021-01-31,True,,11,93,379,65,66.0,472,0,lineups
3773631,2020/2021,2021-02-07,True,,11,41,72,11,11.0,79,0,lineups
3773526,2020/2021,2021-02-13,True,,11,88,409,45,45.0,470,0,lineups
3773415,2020/2021,2021-02-21,True,,11,87,493,57,64.0,598,0,lineups
3764440,2020/2021,2021-02-24,True,,11,82,340,45,45.0,390,0,lineups
3773625,2020/2021,2021-02-27,True,,11,85,260,45,66.0,316,0,lineups
3773665,2020/2021,2021-03-06,True,,11,82,360,45,45.0,418,0,lineups
3773369,2020/2021,2021-03-15,True,,11,90,598,59,62.0,665,0,lineups
3773597,2020/2021,2021-03-21,True,,11,90,429,60,66.0,497,0,lineups
3773474,2020/2021,2021-04-05,True,,11,92,466,62,62.0,550,0,lineups
3773497,2020/2021,2021-04-10,True,,11,82,282,42,45.0,346,0,lineups
3773661,2020/2021,2021-04-22,True,,11,84,444,45,45.0,512,0,lineups
3773689,2020/2021,2021-04-25,True,,11,83,319,45,45.0,374,0,lineups
3773586,2020/2021,2021-04-29,True,,11,87,536,60,71.0,624,0,lineups
3773695,2020/2021,2021-05-02,True,,11,92,504,63,74.0,572,0,lineups
3773372,2020/2021,2021-05-08,True,,11,52,115,12,30.0,132,0,lineups
3773387,2020/2021,2021-05-11,True,,11,87,277,45,45.0,323,0,lineups
3773457,2020/2021,2021-05-16,True,,11,88,352,45,45.0,413,0,lineups
