ego_degree,ego_density,ego_clustering,win_deg,wout_deg,deg_ratio,relay_mid,source_2,sink_2,mean_x,mean_y,disp_x,disp_y,disp_radial,player_id,team,name,appearances,primary_position,line
9.271929824561404,0.7605573276625909,0.19003098605396,34.80994152046784,39.833333333333336,0.5388248536137918,0.3680873170962794,0.3203948772851671,0.3115178056185535,58.466979105077705,40.53891685085958,17.633011414174568,15.345028462658977,20.79453681318038,5203,Barcelona,Sergio Busquets,342,Center Defensive Midfield,MID
8.714932126696832,0.7637920902626785,0.18072708087335249,35.425339366515836,35.574660633484164,0.5020416789273019,0.33821470044243185,0.32450337712315275,0.3372819224344154,64.89545198968347,11.402371590136287,25.650125411924044,9.410251542343039,23.464688648579376,5211,Barcelona,Jordi Alba,221,Left Back,DEF
8.915625,0.75578970508658,0.17692812373780079,29.096875,35.134375,0.5501019749429326,0.34380338714534575,0.35060627982541115,0.3055903330292432,44.3503712246449,51.101183828965624,17.9138189692033,12.09477862704438,18.862406486262728,5213,Barcelona,Gerard Piqué,320,Right Center Back,DEF
7.682352941176471,0.7950481707834648,0.1374077740857999,17.81764705882353,11.770588235294118,0.3916105404081231,0.26904166641135435,0.2988023546689349,0.4203912730373578,82.71815395306777,38.31970454166236,19.566713819692968,19.347378806155007,25.06611233500817,5246,Barcelona,Luis Suárez,170,Center Forward,FWD
8.926666666666666,0.7756017316017316,0.17969943371435473,35.08,36.32666666666667,0.5078440555669848,0.3450841731531186,0.3312227785009656,0.3236930483459158,65.51245985387024,49.55542918273108,21.25303455307246,16.717328143887208,23.5626184142485,5470,Barcelona,Ivan Rakitić,150,Right Center Midfield,MID
8.042553191489361,0.825085966043413,0.17223887274402871,29.80851063829787,22.72340425531915,0.4232765446866567,0.2950701469568939,0.3476626515900291,0.35726720145307683,84.00191314170156,46.5849030065499,20.79491277575951,16.507369519530798,23.279905282300113,5477,Barcelona,Ousmane Dembélé,47,Right Wing,FWD
8.575342465753424,0.7675902864259029,0.1781673297552815,33.013698630136986,38.726027397260275,0.5434281662751684,0.33417158763647326,0.34627997402700456,0.31954843833652224,45.041308658796346,26.705868017868838,18.682253843350622,11.243749588664862,19.302929147010907,5492,Barcelona,Samuel Umtiti,73,Left Center Back,DEF
8.295896328293736,0.8039201798921023,0.19094950914529946,32.295896328293736,24.937365010799137,0.4338509722149172,0.32025840971288544,0.32161280335539416,0.3559689597178975,79.85329061717157,49.12185994979353,17.06435743530814,17.921774949777593,21.89998718861581,5503,Barcelona,Lionel Messi,463,Right Wing,FWD
8.535714285714286,0.7860731034838179,0.18279596514573834,31.571428571428573,31.053571428571427,0.4948787580764448,0.31600074281998486,0.33094939776066207,0.3530498594193531,64.05428615050508,65.84718436925144,24.83805550979176,9.57604289664937,23.09589490159804,6374,Barcelona,Nélson Semedo,56,Right Back,DEF
8.637096774193548,0.7590932365125915,0.1779743539689136,32.87903225806452,33.846774193548384,0.5080940318722462,0.3327093885102429,0.32940093593616965,0.32982515942455515,66.50726521311329,61.62124373047362,23.709707542919038,11.742503229109065,23.35205588974822,6379,Barcelona,Sergi Roberto,124,Right Back,DEF
6.375757575757576,0.8022491145218417,0.15114997134494026,11.484848484848484,13.703030303030303,0.5613911318514413,0.2156075829636593,0.4631898266885637,0.315141984287171,11.229921744108236,40.12194462967433,6.622692937869733,7.183769140509466,8.20796704647448,20055,Barcelona,Marc-André ter Stegen,165,Goalkeeper,GK
8.476190476190476,0.785585446299732,0.18042633002248773,32.642857142857146,29.023809523809526,0.46608540976554397,0.32350605382358927,0.3404717806834156,0.3360221654929951,78.5810983019762,25.607065418961643,20.860321122487942,14.921376720545801,21.877630752427866,3501,Barcelona,Philippe Coutinho,42,Left Wing,FWD
8.74074074074074,0.7714873603762492,0.14884022734291072,26.14814814814815,26.11111111111111,0.49537191083811377,0.3269494778731015,0.33711538266009816,0.3359351394668003,70.58032608494075,44.46157858943109,20.05300942902751,15.761142636586179,22.578202973500364,6998,Barcelona,Rafinha,27,Right Center Midfield,MID
8.816901408450704,0.7736840233319106,0.18412572018292614,33.83098591549296,38.54929577464789,0.5348003848762893,0.33784398599277915,0.34051185400021644,0.3216441600070044,45.09784372466956,23.71327502699833,19.145876267818014,10.419767663904071,19.224189108001607,6826,Barcelona,Clément Lenglet,71,Left Center Back,DEF
9.027027027027026,0.7969999219999221,0.1895966321476405,31.91891891891892,31.72972972972973,0.4989970186184429,0.3388983323166141,0.33406077540765,0.3270408922757358,66.55225638643596,50.09159052900482,20.516663688740834,15.608022361540185,23.18438565109773,8206,Barcelona,Arturo Vidal,37,Right Center Midfield,MID
9.321428571428571,0.7637871057513914,0.19819954474386425,37.035714285714285,38.17857142857143,0.5074768835831334,0.37704886098807056,0.30442079019307905,0.3185303488188505,64.82457403966886,32.23248523290047,18.93959622308144,15.487064089640759,21.51190084800883,11392,Barcelona,Arthur,28,Left Center Midfield,MID
7.791666666666667,0.7279265873015873,0.17413647243000865,21.583333333333332,25.666666666666668,0.5434975981316245,0.30592675093456917,0.3401940477915395,0.3538792012738914,43.81583481641849,21.934869068967156,16.875669835582503,10.550580987473849,17.60009081346941,6332,Barcelona,Thomas Vermaelen,24,Left Center Back,DEF
7.875,0.8205312049062049,0.14313354139528714,20.125,15.4375,0.4305861412689928,0.2770021816909272,0.33947563180692353,0.38352218650214925,80.17341122522127,49.27877714852821,20.913146682315727,15.94038720116928,23.876023176219896,6616,Barcelona,Munir El Haddadi,16,Right Wing,FWD
8.8,0.8098989898989899,0.21226903594196517,50.6,48.8,0.4898568365149867,0.3434874685647129,0.33349870950777694,0.32301382192751016,70.97596954606759,41.724271213535914,16.858293202910225,13.039240027202705,18.755201436769145,13599,Barcelona,Carles Aleñà,5,Left Center Midfield,MID
7.127272727272727,0.8310186278368095,0.19739574031951787,20.6,15.381818181818181,0.42673352214579635,0.2517351951258661,0.3315778773830371,0.41668692749109676,82.23213520860013,51.05698229539348,21.502250326729147,15.165467355965754,23.37594892668376,3385,Barcelona,Alexis Sánchez,55,Right Wing,FWD
9.044776119402986,0.7731564041265535,0.21923043525211217,39.40298507462686,37.343283582089555,0.4857509043945461,0.3663299183288396,0.30570783024785525,0.32796225142330526,70.8181192051207,37.90559981259633,19.541544950273003,19.079039002943226,24.647503767347708,3478,Barcelona,Cesc Fàbregas,67,Left Center Midfield,MID
7.737704918032787,0.8223863340666621,0.19050640730852783,23.40983606557377,19.918032786885245,0.45324887621616133,0.2822334035758656,0.3306651203523407,0.38710147607179357,79.31061458655319,44.3104861445033,20.234794502515516,17.78643056685535,24.10300602396794,3958,Barcelona,Pedro,122,Right Wing,FWD
8.600961538461538,0.7754502442002441,0.20422009943525102,37.01923076923077,34.59134615384615,0.4824228578867894,0.3278207995457768,0.3275663132947807,0.3446128871594425,68.26509711833319,68.88287682962095,23.997787389744182,9.481694222638055,22.154356295246068,4324,Barcelona,Dani Alves,208,Right Back,DEF
8.929411764705883,0.7632750473926945,0.20098805795546842,37.509803921568626,35.68627450980392,0.483960272886856,0.35857924239184413,0.31714835348351333,0.3242724041246425,69.44473403195992,28.96829985350701,17.845984786588055,15.618422082991767,20.86589072656589,5216,Barcelona,Andrés Iniesta,255,Left Center Midfield,MID
9.023809523809524,0.7539704012918298,0.17881549164063026,31.36904761904762,36.892857142857146,0.5438296702640484,0.3503625797969666,0.347782904929402,0.30185451527363133,47.424481330959914,38.1635261188824,16.98688335249571,12.925667827125526,18.778345193198884,5506,Barcelona,Javier Mascherano,168,Left Center Back,DEF
9.23873873873874,0.7578128453128453,0.22070249887054735,45.1036036036036,46.3018018018018,0.5073639536378317,0.3830196121473146,0.30720564462886163,0.3097747432238237,68.18551192462509,45.067671990740706,19.633662856824934,17.62009423113743,22.729926503193635,20131,Barcelona,Xavi,222,Right Center Midfield,MID
5.154471544715447,0.7809281842818429,0.1434948237765511,6.300813008130081,8.560975609756097,0.594874512597517,0.16856776007301102,0.5063257252061415,0.32510651472084745,11.648045382548187,41.341891990758704,5.7759375214598885,8.27578317958287,8.620127634505549,20176,Barcelona,Víctor Valdés,246,Goalkeeper,GK
8.201923076923077,0.7854610667110667,0.1682856596162124,32.29807692307692,23.240384615384617,0.4099808889753816,0.30761203102802553,0.3232768526977923,0.36911111627418214,83.72215376470135,20.842645553571444,20.021370451295937,16.177336219066778,22.13059174734597,4320,Barcelona,Neymar,104,Left Wing,FWD
5.571428571428571,0.8168779633065347,0.1452548925260328,8.342857142857143,11.17142857142857,0.5949424860810225,0.18296511613486377,0.4914540379213601,0.3255808459437762,11.71651204800026,40.04999380157282,6.745034382762326,8.453761895796687,9.164612373680912,4691,Barcelona,Claudio Bravo,70,Goalkeeper,GK
8.772727272727273,0.7551111767020857,0.16350098049855263,29.522727272727273,34.56818181818182,0.539427138409401,0.3339862589656449,0.3441841090153415,0.32182963201901366,49.648727915155135,20.843353250597865,19.911943297893004,10.547735711780977,19.681461438309142,10609,Barcelona,Jérémy Mathieu,44,Left Center Back,DEF
7.958333333333333,0.7867544492544493,0.19630340656745174,29.791666666666668,29.5,0.5005782077304523,0.306971367291533,0.3487081493301673,0.3443204833782996,64.14242160075575,59.14787056784753,22.942973524336253,10.056062548520218,21.355393592258654,6593,Barcelona,Martín Montoya,24,Right Back,DEF
8.620689655172415,0.7452144598696324,0.16193950204645463,24.310344827586206,30.379310344827587,0.5585755354697883,0.3447095019757704,0.34354974958337264,0.3117407484408569,44.97239987618124,47.64493597166049,17.05806492437567,10.541695709254082,17.316255723246446,7068,Barcelona,Marc Bartra,29,Right Center Back,DEF
8.423076923076923,0.7760767010767011,0.18830725543902785,29.794871794871796,30.67948717948718,0.5064992034822894,0.3244109965572613,0.3447015931705234,0.33088741027221535,64.2695310246222,23.8171838827641,23.04913001447214,10.686699204943071,22.173297057222005,22102,Barcelona,Adriano,78,Left Back,DEF
9.142857142857142,0.7449340342197486,0.20075269508854057,31.857142857142858,36.23809523809524,0.5367884854991504,0.3537739408893729,0.33509371500161833,0.31113234410900853,54.98462869147133,44.0252303539802,16.390493645733464,13.834429065080244,18.929964654762838,27053,Barcelona,Alexandre Dimitri Song-Billong,21,Center Defensive Midfield,MID
8.0,0.7476791726791726,0.15670041702869825,27.466666666666665,25.4,0.47758946178371053,0.3299810578992573,0.340341823543918,0.32967711855682474,70.15512215970263,68.26507752206759,25.31427092137175,11.350192564010918,24.119621278637982,6400,Barcelona,Aleix Vidal,15,Right Back,DEF
8.15,0.7755790043290044,0.18255824535583215,27.75,27.8,0.4949792948968058,0.3169880340938501,0.3313285808471588,0.35168338505899116,74.63846733618232,31.20620258889067,21.71088437466593,15.66604376388089,23.53896620331342,11094,Barcelona,Arda Turan,20,Left Center Midfield,MID
8.071428571428571,0.7547773654916513,0.18383307961594725,22.726190476190474,27.672619047619047,0.5524030697920941,0.31335041217760307,0.3544938197322588,0.33215576809013814,44.6211595102856,40.026159017256745,15.913874909891469,12.819349036956217,17.869654014317987,20125,Barcelona,Carles Puyol,168,Left Center Back,DEF
9.2,0.7687710437710437,0.16132670790517672,30.6,28.2,0.4814152080148562,0.33702869235715727,0.31641964344016976,0.346551664202673,74.09504860581765,36.286348974229966,20.401784103989243,15.565033474867684,22.786000616448725,6609,Barcelona,Denis Suárez,15,Right Center Midfield,MID
9.371428571428572,0.7813564213564214,0.2183464994775874,48.0,50.285714285714285,0.512226096062663,0.37899625663990144,0.31331127734060865,0.30769246601948996,66.83705132010452,41.09839398933978,18.272828402321135,18.19294831842413,22.789036420304097,5208,Barcelona,Thiago Alcântara,35,Left Center Midfield,MID
8.3,0.783888888888889,0.1865027611878097,34.0,36.1,0.5152706040877523,0.30731912576775555,0.3192380809953109,0.3734427932369334,63.90784257283384,12.923819023809449,25.15937275314066,8.850480207016531,22.779107381290125,6849,Barcelona,Lucas Digne,20,Left Back,DEF
8.45,0.7743272005772005,0.17774742295685067,28.8,28.95,0.495801616510017,0.33118284475467885,0.3316802399844382,0.3371369152608831,67.58737305551645,34.40373062023168,18.604919572793683,15.992349590253756,22.13645932075752,10802,Barcelona,André Gomes,20,Left Center Midfield,MID
4.521739130434782,0.8081262939958592,0.16124399833582279,6.043478260869565,8.08695652173913,0.6177837166202239,0.14701303710484434,0.5281656539805138,0.3248213089146418,10.551750680263854,40.541093227450595,6.2334755953432435,8.241761846430482,8.608710616858536,26005,Barcelona,José Manuel Pinto,23,Goalkeeper,GK
7.846153846153846,0.8190781440781443,0.1346231276601801,15.384615384615385,12.615384615384615,0.4458945295470604,0.2716620491484863,0.315371321537955,0.4129666293135586,72.61375984155475,39.502273995849315,20.436184638642075,18.972533418044378,25.25734590909479,6402,Barcelona,Paco Alcácer,13,Left Center Forward,FWD
7.461538461538462,0.859004884004884,0.18751201536578016,24.23076923076923,19.692307692307693,0.45450275779891014,0.2662786787240843,0.35645468591039,0.37726663536552574,83.22178793624711,22.68871250752285,21.353509074573903,12.696277892657555,21.592877147819934,6658,Barcelona,Cristian Tello,13,Left Wing,FWD
6.8,0.8486031746031748,0.1694144273562834,17.02,12.08,0.40526099668451493,0.23520154961705184,0.33965140924184567,0.4251470411411023,81.87477191974101,28.367195164582068,18.28413567666057,14.406483904676797,21.090072851885836,12737,Barcelona,David Villa,50,Left Wing,FWD
8.59375,0.7453632305194805,0.1827968676339613,27.59375,30.270833333333332,0.5226869936857513,0.3414442094179478,0.33497271703418274,0.32358307354786947,55.884615896488185,13.960092858799953,22.73012669802125,10.35491350903645,21.4141895711698,20177,Barcelona,Éric Abidal,96,Left Back,DEF
8.236363636363636,0.8091394464121737,0.15276912455793926,22.072727272727274,19.10909090909091,0.46456747726968367,0.29943080812624356,0.3267664264418146,0.37380276543194196,77.4381496303705,36.29917276931305,21.428279338110496,19.472298122348775,26.171856086746583,5487,Barcelona,Antoine Griezmann,55,Left Wing,FWD
9.352941176470589,0.7905341934753699,0.1927522902147615,35.529411764705884,37.529411764705884,0.511361904851447,0.357444268118646,0.3203888750201238,0.32216685686123014,64.08953512678526,38.83875850137292,21.243030187507575,17.64443731588342,24.916695227635202,8118,Barcelona,Frenkie de Jong,51,Right Center Midfield,MID
7.375,0.8184974747474747,0.17971713866696765,25.3125,19.4375,0.4202977672076291,0.2756403654350633,0.34708750533642285,0.37727212922851383,82.48049305179843,23.054836551246325,18.690441898258367,12.803797536736788,19.423706344005268,30756,Barcelona,Ansu Fati,16,Left Wing,FWD
6.125,0.7654761904761904,0.14018058005390444,7.875,9.625,0.5575656369774017,0.18348156440056246,0.5051430900300451,0.3113753455693924,10.945204531674783,39.77180195808421,7.580730108294156,7.007673594060796,8.335282939941639,6590,Barcelona,Neto,8,Goalkeeper,GK
9.0,0.7538445681302824,0.15578389062535908,34.142857142857146,33.142857142857146,0.4860827183201753,0.36125128114319055,0.3137616595058296,0.32498705935097977,72.2787109658997,28.907276330948957,17.06150595122269,14.443448334132663,19.490399646705708,24841,Barcelona,Riqui Puig,7,Left Center Midfield,MID
8.866666666666667,0.7832395382395384,0.15945615331782212,28.133333333333333,33.6,0.5489533289630432,0.32576643257839666,0.3370330415507198,0.3372005258708836,45.31400345188124,51.044146653489584,18.245276699746736,11.063873469805406,18.851551454151764,32480,Barcelona,Ronald Araújo,15,Right Center Back,DEF
8.636363636363637,0.793558966286239,0.18301258076529658,36.0,35.54545454545455,0.49669534457979514,0.3129618392793681,0.3233822213367181,0.3636559393839139,66.21947756068231,11.50816716643385,23.454534258993625,8.613749848316973,21.612425528798237,17304,Barcelona,Junior Firpo,11,Left Back,DEF
6.615384615384615,0.8545926295926296,0.13560429872955132,13.923076923076923,10.307692307692308,0.36746217266102954,0.21590059058241765,0.29425077493331286,0.48984863448426935,81.38088290937002,28.340580981746083,21.68873703001377,14.624679758302724,23.78377076714973,4447,Barcelona,Martin Braithwaite,13,Left Wing,FWD
9.4,0.7247474747474747,0.18083535819973412,40.8,42.6,0.5135255245314332,0.39885454084841276,0.3153334331057711,0.2858120260458162,62.640137064676615,45.178363053778725,19.781687387276804,16.42327460390111,22.485920157659027,6947,Barcelona,Miralem Pjanić,5,Right Defensive Midfield,MID
8.961538461538462,0.8028929403929403,0.16421612245022363,29.846153846153847,27.653846153846153,0.4765543402716576,0.34076597416324195,0.33099810334084867,0.3282359224959093,73.28732056385,31.096737502928477,21.2250743373941,16.085767824154615,23.49082895862417,30486,Barcelona,Pedri,26,Left Center Midfield,MID
8.55,0.7592911255411258,0.16756465899638667,33.0,37.15,0.5293307578175236,0.3349754631444256,0.3338067358540691,0.3312178010015052,53.87696562840982,59.0303931246968,21.70709788185686,10.389448034313016,21.0303368882616,43728,Barcelona,Óscar Mingueza,20,Right Center Back,DEF
8.047619047619047,0.7962224283652856,0.1667564937358483,26.714285714285715,25.19047619047619,0.48545520236394923,0.3066640476647187,0.330577707160193,0.36275824517508826,73.83660285589134,66.691211741752,25.58558012256558,9.686828888497615,23.690713423083327,21881,Barcelona,Sergiño Dest,21,Right Back,DEF
9.046153846153846,0.7136491286491287,0.17359954024930546,28.83076923076923,31.630769230769232,0.5286464328749555,0.3577180570121862,0.34822792804286784,0.2940540149449459,45.04592857477039,50.79029079437489,15.776985249637395,12.894363794758789,17.743137874300142,5558,Barcelona,Rafael Márquez,65,Right Center Back,DEF
7.45,0.7703174603174603,0.18083772062055017,21.05,20.35,0.4927872210910779,0.2922932119637053,0.3542691873588016,0.35343760067749314,59.79395174574321,9.771933700680453,24.14906891247862,9.528356000791415,22.1096258574315,17797,Barcelona,Giovanni van Bronckhorst,20,Left Back,DEF
7.588235294117647,0.7940868771751123,0.1684653952332307,18.955882352941178,12.970588235294118,0.3946198381270522,0.2872315833495246,0.3087200149317825,0.40404840171869283,79.99496873942948,39.10582487384772,17.035578268210934,18.187028513892542,22.355932892593156,19298,Barcelona,Samuel Eto'o,68,Center Forward,FWD
9.177777777777777,0.7248092031425364,0.18612448942744209,33.62222222222222,30.955555555555556,0.47822851791354987,0.37994391256156396,0.30082879362452797,0.3192272938139081,69.3486606542571,34.441878901376676,19.911111802000754,18.731893541002968,24.035438154053434,19757,Barcelona,Deco,45,Left Center Midfield,MID
8.0,0.7151839826839828,0.15848000498411902,23.5,23.6,0.49683799646881743,0.34036062200327727,0.3311603497936592,0.3284790282030634,60.20001073725966,71.172976895654,22.61615964044155,7.732610887872068,20.14801936197579,25863,Barcelona,Juliano Belletti,10,Right Back,DEF
7.962962962962963,0.7387178664956442,0.18184128017195345,21.11111111111111,23.555555555555557,0.5165416496624022,0.3097592523839313,0.33518305750825095,0.35505769010781774,53.23192381333815,59.486977054668344,20.27120302874578,10.875619949568332,20.06747626412273,25873,Barcelona,Oleguer,27,Right Back,DEF
7.363636363636363,0.8222943722943724,0.17232094317536567,17.545454545454547,13.0,0.427749995628313,0.27135614764243415,0.32773480400510135,0.4009090483524646,82.69203006685188,62.729260859707594,20.969133978796208,12.55926061923684,22.508304540138173,25878,Barcelona,Ludovic Giuly,11,Right Wing,FWD
8.3125,0.7580507455507455,0.17288906024192574,28.5,19.9375,0.40515516263308804,0.3250506841944301,0.3048495673616047,0.3700997484439652,79.2175289624128,27.131175722863333,17.506040065760118,19.241185764493228,22.899385874687834,25879,Barcelona,Ronaldinho,48,Left Wing,FWD
7.870967741935484,0.7522599264534748,0.18356068986670185,25.93548387096774,25.806451612903224,0.5017536151266159,0.3097301652956668,0.3394431228398171,0.3508267118645162,61.43725929016895,10.025272135513974,24.43184615019368,8.67568194270637,21.911041542689276,25854,Barcelona,Sylvinho,31,Left Back,DEF
9.033333333333333,0.7284090909090909,0.1579867471329465,21.1,25.633333333333333,0.5506060755454409,0.355441976083827,0.34289075276889125,0.3016672711472818,53.98047969539657,42.14765450368446,15.518650750896265,14.648074005944501,18.802883648730546,25910,Barcelona,Edmilson,30,Center Defensive Midfield,MID
9.5,0.6993265993265992,0.1661683800274115,32.0,37.0,0.5347927431374173,0.3782735929424565,0.31573628828052364,0.3059901187770199,56.39525011879164,33.509296132768405,14.890929359602117,12.421180188922895,17.2157219787379,4325,Barcelona,Thiago Motta,6,Center Defensive Midfield,MID
9.0,0.7595117845117846,0.16225228327393404,22.666666666666668,19.666666666666668,0.461742377516187,0.3562746731899937,0.31696452366284644,0.32676080314715994,67.88444295261964,48.04309083721208,17.236090260351588,15.797203968045816,20.777426924613625,19296,Barcelona,Mark van Bommel,6,Right Center Midfield,MID
7.447368421052632,0.752372408293461,0.18947179480426793,21.210526315789473,22.657894736842106,0.5132099832318829,0.29040076981073415,0.3541122426897475,0.3554869874995183,57.252683862167125,65.81408318093433,23.711037138995714,10.483539504620637,22.531273622253355,15774,Barcelona,Gianluca Zambrotta,38,Right Back,DEF
8.571428571428571,0.7249742321170893,0.19785829179072753,28.892857142857142,34.964285714285715,0.5502133065493521,0.34438499005868467,0.35232533153163154,0.3032896784096839,37.25459235530793,54.052787886193755,13.51658002828084,11.802512779831147,15.388677181031388,15071,Barcelona,Lilian Thuram,28,Right Center Back,DEF
7.523809523809524,0.751881055452484,0.15838868325197972,15.952380952380953,15.095238095238095,0.46912529580596807,0.30484618749397774,0.3326006390112283,0.36255317349479393,70.9107223303228,32.97957877900448,17.286073127189834,15.442695271050624,20.834743344707025,11270,Barcelona,Eiður Guðjohnsen,21,Left Center Midfield,MID
8.882352941176471,0.7582244008714597,0.2097029355704432,29.686274509803923,33.666666666666664,0.5354243560166047,0.35679318108690145,0.32855394300754037,0.3146528759055582,57.53873550642936,40.84909972904531,15.482335932963187,14.322150564817717,18.743393755820215,3087,Barcelona,Yaya Touré,51,Center Defensive Midfield,MID
7.32,0.8214920634920635,0.16357993407436283,16.2,11.08,0.40134485456064406,0.26087565309875554,0.32442847168728567,0.4146958752139589,80.88802759046537,31.789149567282163,19.07871743748976,19.800017989841827,24.80439155777706,4913,Barcelona,Bojan,25,Center Forward,FWD
8.914285714285715,0.715278293135436,0.2086882080831431,27.714285714285715,33.05714285714286,0.5432129056080229,0.3592143214047878,0.3423975108091517,0.29838816778606053,42.86034381215527,24.207328091599592,15.6748921171538,11.3042077183745,16.72661647904683,25919,Barcelona,Gabriel Milito,35,Left Center Back,DEF
7.571428571428571,0.7988095238095237,0.17676876480661444,17.142857142857142,12.142857142857142,0.3925679583574321,0.2663162906239844,0.3265655228425183,0.40711818653349735,74.52369396375151,47.985581169226585,21.001324978125606,17.984032857407815,25.41716014970437,5987,Barcelona,Giovani dos Santos,7,Right Wing,FWD
7.245283018867925,0.7870994309673555,0.16723850947655036,18.433962264150942,12.339622641509434,0.39194193780838915,0.26577484294865517,0.3179749164578193,0.41625024059352556,79.71966052302467,21.617663393465318,20.79625598057666,14.315856513192921,22.37310912752615,15516,Barcelona,Thierry Henry,53,Left Wing,FWD
8.616666666666667,0.7882202982202984,0.18372846687953567,27.333333333333332,28.2,0.5071431317405778,0.33277034428509206,0.32638355144581566,0.34084610426909223,65.12131764108419,27.28268804205236,15.813797846682053,14.279980791309573,18.673587016616313,20169,Barcelona,Seydou Kéita,60,Left Center Midfield,MID
7.2,0.7084992784992785,0.1765116805536445,20.8,25.8,0.5463693658512349,0.3063080477804404,0.34546868264659675,0.3482232695729628,43.48235635173138,28.580386256972293,13.889221481395115,11.366562142185513,15.434837657195908,5248,Barcelona,Martín Cáceres,5,Left Center Back,DEF
7.85,0.7885876623376623,0.16099397662081477,16.7,12.5,0.4236222830916117,0.28403835870629285,0.328554123503287,0.38740751779042,81.50214332520555,34.271586813377056,17.854374027336682,18.182481943379493,22.844687485621446,3672,Barcelona,Zlatan Ibrahimović,20,Center Forward,FWD
8.325581395348838,0.7735704218262357,0.2000178371836765,28.046511627906977,28.023255813953487,0.49831028577552466,0.31956252401514773,0.33371490583679386,0.34672257014805835,65.47469891072377,12.035073999188803,23.071755263461387,9.394052505004328,21.42286116217168,26613,Barcelona,Maxwell,43,Left Back,DEF
9.2,0.727070707070707,0.19488942180267566,36.8,42.1,0.5380516721730719,0.3539674251102566,0.37105159086014516,0.2749809840295983,44.3790575366386,28.20672367168629,14.446890564514202,11.12594518403331,16.192043821735044,18608,Barcelona,Dmytro Chygrynskiy,10,Left Center Back,DEF
7.75,0.7465818903318904,0.1707514898221165,16.75,12.0,0.4509661523970875,0.2899628515127626,0.3211316314055306,0.3889055170817068,77.88900693166482,48.070954123727155,21.46710152845074,14.020374956172198,23.487987059619975,26624,Barcelona,Jeffrén,8,Right Wing,FWD
8.5,0.7952801827801826,0.19212021122707387,29.833333333333332,24.666666666666668,0.4607798892433895,0.29828707624676626,0.34664329785140896,0.35506962590182484,79.60914173961632,39.7501213114151,20.41009681041438,15.331469926619873,21.963599664087226,4891,Barcelona,Ibrahim Afellay,6,Left Wing,FWD
7.4,0.8624098124098124,0.22806599548020276,27.2,22.3,0.45054571709166413,0.268609766635349,0.3581256281191581,0.3732646052454929,84.28363454707471,49.68723909737196,19.16774231812492,16.46770532925878,21.822694402215962,26776,Barcelona,Isaac Cuenca,10,Right Wing Back,DEF
8.6,0.8494444444444443,0.16350060119642612,31.6,24.8,0.4413960897810128,0.3059683591048586,0.3304466000131358,0.36358504088200555,82.83715604822581,54.982875664247764,24.97633185847868,20.2690643454972,28.802447291878813,3726,Barcelona,Gerard Deulofeu,5,Right Midfield,MID
8.7,0.7773863636363638,0.17602128296452116,27.9,27.7,0.5227163931635824,0.3225280301406914,0.34694745331667537,0.33052451654263315,63.92314729335792,46.71465549125391,20.26506490233701,17.881171448653895,23.952294476990538,5542,Barcelona,Paulinho,20,Right Defensive Midfield,MID
9.0,0.680777159348588,0.13420343453267175,19.428571428571427,18.285714285714285,0.4747564935064935,0.38507571982569655,0.3134195506706207,0.3015047295036828,73.47958510563137,43.27264560198813,26.141303982442704,21.670591590892265,30.217674187600885,3043,Denmark,Christian Eriksen,7,Left Center Midfield,MID
5.571428571428571,0.6911564625850339,0.1409637527363999,6.714285714285714,6.714285714285714,0.48438466295609156,0.19677643796452826,0.4022128090411187,0.40101075299435296,13.304373453277593,41.65807972071705,8.383043520563787,8.111443966669608,9.881542258748548,3815,Denmark,Kasper Schmeichel,7,Goalkeeper,GK
8.428571428571429,0.6781746031746031,0.1698528318692299,25.142857142857142,30.857142857142858,0.5556557306127015,0.3581532519054444,0.36056385878009145,0.28128288931446416,47.55354990243644,35.35044892107127,17.15791432259643,12.27706169332008,18.514653347355047,3959,Denmark,Andreas Christensen,7,Left Center Back,DEF
8.2,0.6971428571428572,0.16954790044236878,16.2,19.6,0.5627360350764606,0.3505614180919349,0.3435240761371735,0.3059145057708915,61.45175500073526,32.891571587000605,19.438262209431393,18.75218838031979,24.16828639114852,5527,Denmark,Thomas Delaney,5,Left Center Midfield,MID
8.2,0.636904761904762,0.176262081996004,23.0,25.4,0.5207946127946128,0.3602409000476593,0.35137975231876856,0.2883793476335722,44.561564300433865,53.83044355644356,14.62298822262945,11.304087213632842,16.25943916811308,5534,Denmark,Simon Kjær,5,Right Center Back,DEF
8.0,0.5567279942279942,0.12099326330965877,14.166666666666666,18.0,0.568062493062493,0.399918844518236,0.3214230000791867,0.2786581554025773,53.26042646050772,40.246455623409965,19.82681469656635,18.740868133159825,24.934548828266486,3767,Tunisia,Ellyes Joris Skhiri,6,Right Defensive Midfield,MID
6.833333333333333,0.6028198653198653,0.15629547322334755,20.833333333333332,23.0,0.5201971044828188,0.3248993992802042,0.35059489115216663,0.3245057095676291,40.42728022542672,41.48374974703638,16.90045291914029,12.266603242324182,18.331171136419098,5651,Tunisia,Yassine Meriah,6,Left Center Back,DEF
8.125,0.6351100288600289,0.17965341732864265,21.625,26.0,0.5629561117040799,0.3548751475494372,0.3713379003529046,0.27378695209765813,41.500869321525315,45.83777724620842,15.151939240736436,12.321055114174406,17.041415799399182,3300,Japan,Maya Yoshida,8,Right Center Back,DEF
6.625,0.6814484126984126,0.17957390064041567,17.625,15.875,0.4747671608044517,0.300366158365839,0.32926547850691157,0.3703683631272494,61.13863598433845,9.572343675338686,26.31833592121283,9.65890861368749,24.167932253020666,5690,Japan,Yuto Nagatomo,8,Left Back,DEF
9.625,0.753219696969697,0.1376129626324456,40.875,44.875,0.5237479911392955,0.36329882978565176,0.33763703233348946,0.2990641378808587,61.79209459315388,40.093181814172766,18.491241543216717,14.681193270056248,20.72171328757458,5203,Spain,Sergio Busquets,8,Center Defensive Midfield,MID
7.666666666666667,0.6115740740740742,0.12972323227898488,14.833333333333334,10.0,0.4109347442680775,0.38683705036489774,0.2311217089427882,0.382041240692314,83.4562070607813,46.73220034788108,25.623534197172287,21.52140028269915,30.316887089809985,3831,Serbia,Dušan Tadić,6,Right Attacking Midfield,MID
7.166666666666667,0.6451058201058202,0.12182321449042378,11.166666666666666,7.833333333333333,0.344534632034632,0.2613375214311692,0.21069986597702076,0.5279626125918101,74.65948512585813,39.94975556480133,18.445899633400845,16.75680864622966,22.472855735215507,4269,Serbia,Aleksandar Mitrović,6,Center Forward,FWD
8.0,0.6241582491582492,0.1432239075240437,15.666666666666666,13.666666666666666,0.47901708099076523,0.37827052168193953,0.2686698207550315,0.35305965756302893,67.15760730427398,40.06406418948085,21.607341381530578,18.610968850107678,25.94240420607502,5589,Serbia,Sergej Milinković-Savić,6,Left Attacking Midfield,MID
7.5,0.6126322751322751,0.17548162002879275,16.5,20.833333333333332,0.5956463439506435,0.3267592933382408,0.4382499079867501,0.2349907986750092,44.689755526739354,57.786041300426895,16.786417999789112,11.08118362204108,17.78435869673873,5603,Serbia,Nikola Milenković,6,Right Center Back,DEF
10.0,0.7011363636363637,0.1742566694426524,36.25,39.25,0.5222718737420098,0.40201684222057177,0.3127916685003197,0.28519148927910853,56.91222089323399,33.66290999577042,19.304925560013295,16.486105752655277,22.93837675155322,3500,Switzerland,Granit Xhaka,8,Left Defensive Midfield,MID
8.714285714285714,0.7802308802308803,0.15007750239518794,25.0,20.142857142857142,0.44545750159261005,0.3433041714580072,0.33108312559368597,0.32561270294830685,79.16583009121281,59.13268419114349,23.732838913974454,18.978230551102374,27.245619235106506,3533,Switzerland,Xherdan Shaqiri,7,Right Wing,FWD
8.4,0.7311111111111112,0.1865940857702026,31.2,33.4,0.5206483554014067,0.34871084147532616,0.354899058793506,0.2963900997311678,39.35697963406888,51.51898508410678,17.35348280712645,13.530077718603,19.530851416217317,5537,Switzerland,Fabian Schär,5,Right Center Back,DEF
8.125,0.7571924603174603,0.1778401800931914,26.375,25.375,0.4891190692753193,0.3218159220666308,0.3531401111318695,0.3250439668014998,65.24853400381386,10.191867275951338,27.94617482606845,8.805394741501999,25.134504346738154,5544,Switzerland,Ricardo Rodríguez,8,Left Back,DEF
7.4,0.7496681096681097,0.11573849031617747,13.6,7.0,0.2955934343434343,0.23815679168407833,0.2510985856145379,0.5107446227013838,72.50617144293615,37.012903601386576,19.765483716631888,15.35848580121002,22.660131422713057,5545,Switzerland,Breel Embolo,5,Center Forward,FWD
8.875,0.7484623015873015,0.18875454351131238,35.75,42.0,0.5424104867653918,0.367796029482296,0.33957400785796465,0.2926299626597394,43.3338187152946,35.518351968871876,18.88225281564536,11.627780724936828,19.26312138584558,5549,Switzerland,Manuel Akanji,8,Left Center Back,DEF
6.142857142857143,0.6482426303854876,0.14785053890850317,12.571428571428571,13.857142857142858,0.5376614094161486,0.26184461833750017,0.4288856738026748,0.30926970785982494,13.236777514504851,40.99108287324346,7.262598786693765,9.106598825093918,9.89844690737072,3240,Australia,Mat Ryan,7,Goalkeeper,GK
8.714285714285714,0.5905586477015048,0.1480332977925211,21.0,24.571428571428573,0.5467151895723324,0.3870602767386607,0.31790701773662866,0.29503270552471067,60.96558556225599,39.5002195949561,22.307726904150677,21.15709797896235,27.65886976311057,3281,Australia,Aaron Mooy,7,Left Defensive Midfield,MID
7.285714285714286,0.6174036281179138,0.14132408292699822,21.571428571428573,19.428571428571427,0.47635619671820845,0.36117327091699875,0.31512216026068574,0.3237045688223154,58.1161066561238,9.153081998130759,26.209730694819942,8.409300856668784,23.35602809300255,5479,Australia,Aziz Behich,7,Left Back,DEF
7.428571428571429,0.5808183879612451,0.09131672261603507,11.857142857142858,8.428571428571429,0.3930055005685258,0.34169197779446225,0.3020454478972669,0.35626257430827085,75.34340642526604,59.84200834879407,20.904290900686096,17.672931918528935,23.525459291114288,5481,Australia,Mathew Leckie,7,Right Midfield,MID
8.11111111111111,0.6562289562289563,0.1433039826708992,29.444444444444443,36.333333333333336,0.6016158746851447,0.3275334746058933,0.4261142572517527,0.2463522681423539,44.125509284421796,43.75951923784722,18.639501968008354,12.471175344546861,19.42159816660451,3295,Brazil,Thiago Silva,9,Right Center Back,DEF
8.0,0.695283189033189,0.13784386973309432,27.0,18.375,0.4088595821103561,0.3346615236286252,0.2890552564371951,0.3762832199341797,82.29666755445908,22.307080768396407,20.62181551455113,17.847050760344956,23.5568710442583,4320,Brazil,Neymar,8,Left Wing,FWD
9.0,0.6749503968253968,0.13930946340195643,21.0,24.875,0.5477767084643675,0.3692530825785716,0.35685147060443595,0.2738954468169925,59.4301532113565,36.458818595120704,19.92401128278859,16.519658648812356,23.287810373750027,5539,Brazil,Casemiro,8,Center Defensive Midfield,MID
4.0,0.8190476190476192,0.11656005655460848,4.555555555555555,6.444444444444445,0.5669433722452298,0.14549539407633452,0.4428962359454206,0.4116083699782449,11.466646415816244,40.44375026810985,6.737809179817116,9.305636322753546,9.90415533095409,5547,Brazil,Alisson,9,Goalkeeper,GK
8.2,0.6858730158730159,0.1424375055116733,25.2,25.8,0.5031314040085969,0.3515514090544579,0.324243004673882,0.3242055862716601,56.72446131556071,58.541104993721625,18.698490918724065,13.591343435585921,20.159870241362274,5567,Mexico,Edson Álvarez,5,Right Back,DEF
7.571428571428571,0.7011904761904763,0.12720022822697713,15.285714285714286,10.142857142857142,0.36645735217163794,0.29314542223591333,0.2893466512661597,0.4175079264979269,81.77547928262216,34.96195766844288,23.07712491001406,19.78520500071132,27.97205386413636,5571,Mexico,Hirving Lozano,7,Right Wing,FWD
8.5,0.6468133718133718,0.16376126159185936,23.666666666666668,28.0,0.5465882730006154,0.3588660905508465,0.37660750152885664,0.2645264079202968,47.02193496870259,20.13959309551033,16.354969734765042,11.313265991870155,17.267768601875,5573,Mexico,Héctor Moreno,6,Left Center Back,DEF
7.0,0.7089002267573695,0.1514044263967768,15.0,16.857142857142858,0.5268037518037517,0.3107659698275448,0.3548554722413587,0.3343785579310965,59.54831421744467,10.417075370366618,25.09810899681433,10.32508590082269,23.453673963064414,5576,Mexico,Jesús Gallardo,7,Left Back,DEF
5.142857142857143,0.7375850340136055,0.1768735858376576,7.571428571428571,8.428571428571429,0.5171682775674372,0.1810693477728562,0.5159840032142218,0.30294664901292206,13.095368763341114,40.906624673329745,6.87934100031513,7.3693875300349365,8.493266163237129,5577,Mexico,Guillermo Ochoa,7,Goalkeeper,GK
7.166666666666667,0.6255291005291005,0.16007681836258933,18.833333333333332,17.666666666666668,0.48062136820718054,0.34326934052035224,0.3405682798358523,0.31616237964379534,74.26403207172716,26.655810270852026,21.88714473123696,19.750565309259482,26.373799411094968,5187,Saudi Arabia,Salem Al Dawsari,6,Left Midfield,MID
8.875,0.7283459595959596,0.15250921633327325,29.375,35.5,0.5493809742811651,0.376113548155086,0.3302749210037788,0.29361153084113517,50.183672073074995,62.37013321193743,19.998848792197336,11.075480338640684,19.759203363170577,3205,England,Kyle Walker,8,Right Center Back,DEF
8.666666666666666,0.7257786195286194,0.18022464994298681,35.166666666666664,40.75,0.5421135823527655,0.370384494394905,0.3265148574947669,0.30310064811032805,44.90872421822919,44.837754136146,15.558203945795702,11.946355963399796,17.10436909544558,3244,England,John Stones,12,Center Back,DEF
8.272727272727273,0.7259182736455463,0.1743183125880972,31.181818181818183,34.36363636363637,0.5257656906345539,0.35269804985394165,0.3331421617895203,0.314159788356538,49.194901925040384,21.19775111333829,19.723835972934243,11.295705621646928,19.119389857811488,3336,England,Harry Maguire,11,Left Center Back,DEF
7.6,0.7382756132756134,0.15991377556088104,31.0,29.6,0.4782730850439448,0.3241056749879908,0.3146700901546945,0.36122423485731475,64.7692365324584,9.692011629180591,23.350722484313543,10.035140519097794,21.719678343994666,3382,England,Luke Shaw,5,Left Back,DEF
5.5,0.7188492063492062,0.13291524467802326,10.0,10.083333333333334,0.4883557747277852,0.2005383211304205,0.3400315821318911,0.376096763404355,12.96739711766643,38.73052994254953,7.058889061104271,9.398087825960836,10.087286999464094,3468,England,Jordan Pickford,12,Goalkeeper,GK
8.625,0.7285218253968254,0.14875934674090158,25.25,24.75,0.5025472140256779,0.347181018502157,0.33992175900453414,0.31289722249330887,64.20245110251446,47.32848226496057,19.8806577790361,17.398639558524383,23.986214841515398,3532,England,Jordan Henderson,8,Center Defensive Midfield,MID
8.8,0.7244444444444446,0.15115426527977024,27.0,32.8,0.5555393479929084,0.37617566237899913,0.33513325688794965,0.28869108073305116,56.17271839392295,36.890264437859116,19.087605074489634,19.079777056480047,24.208078893208203,3943,England,Declan Rice,5,Center Defensive Midfield,MID
7.181818181818182,0.7101928374655647,0.0909935432980735,11.181818181818182,7.818181818181818,0.40775947811520935,0.2650845474214603,0.30224989321842766,0.43266555936011203,80.38455538072743,39.97176946525202,17.40999720878635,18.567932333618085,23.347245748004557,10955,England,Harry Kane,11,Center Forward,FWD
9.0,0.7272222222222223,0.12962037971211776,22.4,22.6,0.5086768304159609,0.3911107585766455,0.3148899993713919,0.2939992420519626,64.96778457190221,33.89155498824616,22.073734009188552,19.27124602496728,26.410179607421433,30714,England,Jude Bellingham,5,Left Center Midfield,MID
8.428571428571429,0.8175221603793033,0.18787954989895064,20.857142857142858,14.571428571428571,0.40449648412345685,0.31232820451262644,0.3038924085927262,0.3837793868946474,76.86512015745086,34.500899765449816,18.288991433445126,21.685011663311478,26.119410793896325,5207,Portugal,Cristiano Ronaldo,7,Left Center Forward,FWD
9.25,0.7561237373737374,0.21205542080246934,29.875,32.0,0.5161506700763324,0.3356578476712397,0.37566375212943337,0.2886784001993269,43.86616732917598,55.064771842567936,16.738619050698624,14.344453444521092,19.129979907519623,20016,Portugal,Pepe,8,Right Center Back,DEF
6.4,0.840079365079365,0.1833798994302704,9.8,10.6,0.5245299145299145,0.20055727554179564,0.4775048374613003,0.32193788699690407,10.377200096455269,41.21910122980468,5.016553773125583,7.164833591959399,7.203325073402882,32975,Portugal,Diogo Costa,5,Goalkeeper,GK
8.0,0.6793290043290044,0.16672119699358193,14.714285714285714,9.285714285714286,0.3875526293932366,0.3264456464828057,0.3015889159905241,0.3719654375266702,85.85687517112108,37.76863082074936,26.2206487480529,24.638467835011816,32.15458562457023,3083,South Korea,Son Heung-Min,7,Left Wing,FWD
7.714285714285714,0.6774943310657596,0.21936137845227413,17.0,19.285714285714285,0.5366724610006728,0.31770944861707484,0.3872641341492039,0.2950264172337212,41.381050759364385,22.26511389712538,18.04547877037948,12.357571784712562,19.217912618559925,5604,South Korea,Kim Young-Gwon,7,Left Center Back,DEF
9.2,0.7242424242424244,0.24413643358833906,27.6,31.4,0.5313414276672372,0.3836276646226895,0.3104450221365644,0.30592731324074607,56.34261381829795,38.58796211989159,19.57223223642178,18.56323693493934,24.888283657004187,5618,South Korea,Jung Woo-Young,5,Right Defensive Midfield,MID
7.5,0.7256613756613756,0.19575438631407693,14.166666666666666,16.833333333333332,0.5580737100061527,0.3235130984128792,0.3547321019302698,0.32175479965685105,69.27406623167494,46.98198841416232,25.27330214605408,21.815941747119663,30.614057465162006,5623,South Korea,Lee Jae-Sung,6,Center Attacking Midfield,MID
7.8,0.776111111111111,0.11492085866863075,18.6,13.0,0.41815546772068507,0.2983090573471699,0.3078111281741046,0.3938798144787255,83.85784591363442,52.73478147036186,20.718915985343394,20.117769166136263,25.89024122917787,5562,Germany,Thomas Müller,5,Center Forward,FWD
5.666666666666667,0.8186507936507935,0.1597971839305592,12.333333333333334,14.666666666666666,0.5637128535201558,0.20278919300622686,0.4586173579772101,0.338593449016563,16.250195005011467,39.9477573660221,9.189527072820377,11.544386192615415,12.78661860835877,5570,Germany,Manuel Neuer,6,Goalkeeper,GK
9.833333333333334,0.7074074074074074,0.13288859056149638,38.833333333333336,37.166666666666664,0.5022461494700461,0.3842028659236665,0.30399370663314235,0.3118034274431912,73.11456878506873,56.97322443574931,25.270003553235963,15.094202317590552,25.447491281627958,5579,Germany,Joshua Kimmich,6,Right Back,DEF
8.857142857142858,0.7702380952380953,0.17556017505920501,57.714285714285715,55.857142857142854,0.49247984250254195,0.3267889853357266,0.3394749009221401,0.3337361137421332,67.42191751958352,9.733503960649406,23.109119212648,9.535602114858394,21.087664601261462,5211,Spain,Jordi Alba,7,Left Back,DEF
8.285714285714286,0.7037672644815502,0.15069053066018015,19.714285714285715,14.285714285714286,0.41396750999599075,0.3147833034296368,0.33651522145138335,0.34870147511897986,85.63457169631131,37.18021469569907,21.30015736724501,17.591580249167826,24.384921498573057,2995,Argentina,Ángel Di María,7,Right Wing,FWD
8.636363636363637,0.7097796143250689,0.18540135702982727,32.18181818181818,38.54545454545455,0.5485127035732675,0.3677863344412051,0.32123174095268675,0.31098192460610813,45.39420106299073,38.746327718407606,17.228355318375886,12.898577982106785,18.883164735248354,3090,Argentina,Nicolás Otamendi,11,Left Center Back,DEF
8.0,0.7584054834054833,0.17125474461170845,23.454545454545453,18.818181818181817,0.4494656652646207,0.3214707219534994,0.3151287801886194,0.3634004978578812,78.63453221602289,48.46808327846216,19.467131727163327,19.29590589291814,24.049739235378308,5503,Argentina,Lionel Messi,11,Right Center Forward,FWD
4.428571428571429,0.746938775510204,0.13325447859198855,6.714285714285714,7.285714285714286,0.5304666531625057,0.1708491367531029,0.48102606421240984,0.3481247990344873,11.121984653424747,41.24914981502538,6.579657242485648,8.44587928125646,9.108301461295392,6909,Argentina,Emiliano Martínez,7,Goalkeeper,GK
8.0,0.7376417233560091,0.19884404481589463,30.0,29.285714285714285,0.4931640884272838,0.34030612409868416,0.3431830707865586,0.31651080511475727,65.10728817718288,58.2513891652227,21.6359166560579,15.662767519022664,23.380381873426597,7797,Argentina,Rodrigo De Paul,7,Right Center Midfield,MID
7.8,0.6846825396825398,0.11398974645159751,21.6,18.2,0.44122999807210334,0.32655854721712474,0.29449479915204674,0.37894665363082847,66.50637926641915,10.183212319361822,26.79909596395807,8.24954784220682,24.44748960176905,19597,Argentina,Marcos Acuña,5,Left Back,DEF
8.333333333333334,0.6797619047619047,0.18180951238197784,24.833333333333332,30.0,0.5490738420521514,0.3336045455931813,0.377929466092433,0.2884659883143858,43.74569680089096,57.72911087307984,17.677550785165977,10.781367923283128,17.42652818241316,20572,Argentina,Cristian Romero,6,Right Center Back,DEF
8.0,0.726851851851852,0.15199098316093232,20.333333333333332,18.666666666666668,0.471937984496124,0.3223512187213447,0.3226998895179374,0.354948891760718,71.41117347616641,27.159702840129913,19.902548254009922,14.306990308292507,21.746843807108437,27886,Argentina,Alexis MacAllister,6,Left Center Midfield,MID
7.5,0.708994708994709,0.17512579093600633,22.833333333333332,20.833333333333332,0.47206401078950105,0.313457892868531,0.34689820531289123,0.33964390181857773,59.16362144324657,71.01141626093289,26.729009554735722,8.608535667915765,23.986544371992185,29201,Argentina,Nahuel Molina,6,Right Back,DEF
6.2,0.7852380952380952,0.1361766846011429,9.0,7.8,0.46244077604691414,0.23799515549237463,0.317830767975373,0.44417407653225227,76.71340686274509,34.41281045751634,23.80392100038491,21.732859082501044,30.13966810042935,29560,Argentina,Julián Álvarez,5,Left Center Forward,FWD
9.0,0.6992929292929293,0.16924707178254952,33.6,36.2,0.5122669837165635,0.39794706973438493,0.3045125488755241,0.297540381390091,58.65262091708337,38.315281164820085,18.846105881398785,16.42100289803033,22.32396491198336,38718,Argentina,Enzo Fernandez,5,Center Defensive Midfield,MID
7.2,0.6476406926406927,0.1524163794091147,22.8,24.0,0.5217645211930926,0.29258941480789946,0.39650074612054076,0.3109098390715598,38.93240655955869,53.339910734408704,12.140756641331446,9.69817565640409,13.45368183984493,3034,Poland,Kamil Glik,5,Right Center Back,DEF
8.285714285714286,0.6329931972789115,0.14377560640847578,16.285714285714285,19.714285714285715,0.5481181849004906,0.3551628208949871,0.3421719576476838,0.3026652214573291,57.74093796263684,45.09537550302188,18.31850876045484,15.961666494715999,21.69689211310664,3637,Poland,Grzegorz Krychowiak,7,Left Defensive Midfield,MID
8.285714285714286,0.6255875077303649,0.1338871656709888,17.571428571428573,18.142857142857142,0.5282358428321161,0.3649662051504926,0.29677381114417833,0.3382599837053291,70.91703476209138,45.75284434417586,21.85957864991733,20.07855163494659,26.430701767723185,5660,Poland,Piotr Zieliński,7,Right Midfield,MID
8.0,0.5997732426303856,0.1179023275027787,12.571428571428571,9.285714285714286,0.40750805585392047,0.3258364135227764,0.2760663694528645,0.39809721702435896,74.65060787472883,39.20950813073768,19.12799480234927,22.50065326748936,27.27326145861303,5668,Poland,Robert Lewandowski,7,Center Forward,FWD
5.666666666666667,0.5932539682539683,0.15736312905370006,8.5,9.0,0.5135485080221922,0.23468821640044782,0.41988873335946525,0.34542305024008696,12.601791433498752,41.120415478830104,6.7514937374826,8.66240775944218,9.385489354480905,5669,Poland,Wojciech Szczęsny,6,Goalkeeper,GK
7.0,0.6415343915343916,0.13593770446831796,13.166666666666666,13.5,0.5027829785266856,0.29878171042216417,0.3209889964316207,0.3802292931462152,63.40948970899612,30.00916658140873,24.855924751444988,10.146251669088151,23.489139761879162,5673,Poland,Bartosz Bereszyński,6,Left Back,DEF
8.333333333333334,0.6625060125060126,0.1406048079798035,20.0,22.0,0.5524247759282971,0.35978564796721973,0.35640132706153776,0.2838130249712425,66.85428343586238,43.64542036910458,20.936848764900116,19.736253387839376,26.240810963494706,5575,Mexico,Héctor Herrera,6,Right Center Midfield,MID
6.666666666666667,0.7135251322751323,0.176766861231739,19.083333333333332,12.166666666666666,0.3723685165018081,0.27749118423171654,0.2977512334892935,0.4247575822789899,80.18268769418547,36.3046253868466,22.281698560421002,15.709936498024744,23.80284674715629,3009,France,Kylian Mbappé,12,Left Wing,FWD
7.4,0.7621789321789322,0.22308266327564508,19.6,20.8,0.5196751568844592,0.3107915558554756,0.3749932666541619,0.31421517749036243,64.79168237657274,28.024508139548175,21.63605718971165,17.567068178980527,24.97543459807509,3026,France,Adrien Rabiot,5,Left Defensive Midfield,MID
4.25,0.6573412698412698,0.12753247381325913,4.416666666666667,5.333333333333333,0.5739889136628268,0.1536476724528195,0.45138418056616586,0.31163481364768125,11.479097550670701,38.546435953451756,6.279368308893351,7.9204278028077235,8.647436005764197,3099,France,Hugo Lloris,12,Goalkeeper,GK
6.666666666666667,0.6340758778258778,0.11409148896077376,8.0,6.0,0.4161123144460432,0.2315921448045962,0.2632587632790438,0.4218157585830267,72.41926032759393,41.31917703862396,19.083073510521583,20.13995719238541,24.948003768172324,3604,France,Olivier Giroud,12,Center Forward,FWD
8.2,0.6564646464646465,0.18351313059243557,22.4,23.4,0.508666883963494,0.3306628329297821,0.3312062819478073,0.3381308851224105,53.343689856539626,69.99446724212073,23.68420816849633,8.341436662915022,21.690650909485434,4445,France,Jules Koundé,5,Right Back,DEF
7.5,0.6864673520923521,0.1322450299635481,20.25,16.625,0.45817825451968974,0.33081881630761834,0.33658956890986025,0.3325916147825214,81.09453019455972,62.742215759229055,20.082082254945455,14.383097136625775,21.891045575375436,5477,France,Ousmane Dembélé,8,Right Wing,FWD
8.615384615384615,0.6649877899877901,0.1685400078180909,21.153846153846153,26.923076923076923,0.5688950658667757,0.35750376421396457,0.36185389323443246,0.280642342551603,45.085661806221644,55.92110544179332,17.14965187407781,10.843372953061978,17.865914900473037,5485,France,Raphaël Varane,13,Right Center Back,DEF
7.846153846153846,0.6828754578754578,0.1537466205518939,19.615384615384617,15.384615384615385,0.44102808912451597,0.34194321859336585,0.2971006996378093,0.36095608176882493,75.04145756531797,43.00328665643196,23.834435893823887,23.10969248945832,29.95382585429591,5487,France,Antoine Griezmann,13,Center Attacking Midfield,MID
7.6,0.7286075036075035,0.19918604176235663,24.2,24.0,0.4904938723811175,0.30640868092480994,0.3536988459569104,0.3398924731182795,59.30998299319729,8.264487461651326,24.54866534655045,7.649067594009884,22.168016088142082,6704,France,Theo Hernández,5,Left Back,DEF
7.6,0.7205555555555555,0.18582767275873185,20.4,24.2,0.536285475694812,0.35884646183909535,0.3455157522376676,0.29563778592323714,46.143597970612156,25.281977581124693,17.119187775921326,13.347525703765086,18.653880381490445,8519,France,Dayotchanculle Upamecano,5,Left Center Back,DEF
8.571428571428571,0.6516130694702122,0.18594385207725192,25.0,29.142857142857142,0.560888184585085,0.3942428411812701,0.33120149806448357,0.27455566075424626,58.42786697494284,41.84409735412991,17.665291206227945,18.524602515235237,23.409657586322364,10481,France,Aurélien Tchouaméni,7,Right Defensive Midfield,MID
7.285714285714286,0.664728921871779,0.1524764943580436,14.0,8.857142857142858,0.3799527981670839,0.29384761866566106,0.28186806674110293,0.42428431459323596,79.97597720594038,45.84860640061201,25.991403398540022,12.21586898571307,24.905093466070095,2941,Senegal,Ismaïla Sarr,7,Right Wing,FWD
8.0,0.6776077097505669,0.19496876241107738,19.0,20.142857142857142,0.5102286119996429,0.3485754687263492,0.3280324537433854,0.3233920775302654,63.26918579647563,43.93793365377952,28.29232340936968,8.056006041118117,25.37076517422746,3404,Senegal,Youssouf Sabaly,7,Right Back,DEF
8.833333333333334,0.6839225589225588,0.1843272923071253,21.5,24.166666666666668,0.5416110851730808,0.3857276637565073,0.31122331064276126,0.30304902560073144,66.70615894370131,35.30435643384105,22.63371574318136,21.88497820779771,28.51415249542882,3436,Senegal,Idrissa Gueye,6,Center Attacking Midfield,MID
8.285714285714286,0.689280560709132,0.213590908920887,17.857142857142858,21.714285714285715,0.5470771905143429,0.335072793390591,0.38293742668676367,0.28198977992264546,40.67105570790053,42.63817298629085,17.030632140118108,12.411387370716922,18.37143329798793,5675,Senegal,Kalidou Koulibaly,7,Right Center Back,DEF
8.222222222222221,0.674270482603816,0.12558121996813865,30.666666666666668,34.77777777777778,0.519011934587722,0.33899336521588164,0.3573091017745262,0.30369753300959224,46.25922145066184,17.455816649797022,19.982560331639238,9.307726826763721,18.756867153084254,3077,Belgium,Jan Vertonghen,9,Left Center Back,DEF
8.777777777777779,0.6933381433381434,0.11404760978906119,22.22222222222222,19.77777777777778,0.4750058062738753,0.35949876450717116,0.3092372849079871,0.33126395058484176,73.94060658101229,43.18158914469221,23.50419397061464,21.676407687708792,28.930901912847542,3089,Belgium,Kevin De Bruyne,9,Right Wing,FWD
5.5,0.7321428571428571,0.11196317205926835,7.8,9.4,0.5754333364453303,0.2056575530438643,0.4672402553323337,0.32710219162380205,10.267293149540517,39.982012781954886,5.951418290797915,7.499416919984684,7.921370495328913,3509,Belgium,Thibaut Courtois,10,Goalkeeper,GK
8.75,0.6847177128427129,0.11390632741920981,24.25,19.125,0.43863396027803725,0.35754125998468256,0.2965295128869469,0.3459292271283705,76.67680251262352,29.343097846998297,21.18581895151315,21.036888079757762,27.09205163237072,3621,Belgium,Eden Hazard,8,Left Wing,FWD
6.8,0.7266666666666666,0.1195041560703622,18.2,14.8,0.440579028814323,0.252622646465011,0.3682291071453633,0.3791482463896257,69.6014880952381,10.629017857142857,23.977192324632377,10.969864861498161,22.775629196775803,5633,Belgium,Yannick Carrasco,5,Left Wing Back,DEF
8.88888888888889,0.6922679172679174,0.12011065834616369,23.0,27.0,0.5301121306449337,0.3541247282930921,0.32734175550137845,0.3185335162055294,57.3006352061731,38.27489790050511,18.559345978286373,16.65133964820047,22.321297022472766,5642,Belgium,Axel Witsel,9,Left Defensive Midfield,MID
8.555555555555555,0.677713644380311,0.1336453745864365,41.111111111111114,43.0,0.5112592240589972,0.3620670766441467,0.36384007054052847,0.27409285281532486,44.04005473226144,56.65506709304684,18.137628356990305,9.312141565130347,17.83209629540656,20005,Belgium,Toby Alderweireld,9,Right Center Back,DEF
6.714285714285714,0.8032879818594104,0.1536141179287902,12.142857142857142,13.857142857142858,0.5289197937239412,0.24337479890964311,0.42732581363204003,0.3292993874583169,12.024541245069457,41.82793403075516,6.615073351325363,7.730859939143068,8.824432070056659,5550,Switzerland,Yann Sommer,7,Goalkeeper,GK
8.857142857142858,0.7802927231498662,0.21400382108957924,30.714285714285715,29.571428571428573,0.4851710687497687,0.35258608190446195,0.3269151867469953,0.3204987313485427,69.79144256838023,47.17894359079742,23.873853092478406,20.723757611198483,28.807527503920824,3193,Portugal,Bernardo Silva,7,Right Center Midfield,MID
8.6,0.8247619047619047,0.20234306270165142,24.2,21.8,0.47357606134801494,0.3337482156727275,0.3298667118920199,0.33638507243525256,72.7191458955311,43.89798147116896,26.827806797213135,21.458724800747596,30.702155453004014,5204,Portugal,Bruno Fernandes,5,Right Wing,FWD
9.5,0.7723905723905723,0.22163729894836007,30.666666666666668,35.166666666666664,0.5369278282142692,0.3836747074422722,0.30592088154746033,0.3104044110102674,57.41973757471546,37.907162235400996,18.537904510272487,16.158475956627196,22.28124477849133,5214,Portugal,William Carvalho,6,Left Center Midfield,MID
6.8,0.6728571428571428,0.13832524615205327,9.2,7.0,0.44571428571428573,0.2728810493512905,0.30706480153036825,0.42005414911834127,69.98734065934066,35.24306593406594,20.472258371588033,23.517246059488293,28.858508684507648,4319,Uruguay,Edinson Cavani,5,Right Center Forward,FWD
8.0,0.6231292517006802,0.1667427141322842,19.857142857142858,21.428571428571427,0.5330482641085108,0.3642866510914908,0.35855131803635,0.2771620308721591,43.4282275307262,34.03812905128172,15.462828295490388,12.121193165286892,17.357580307835697,5249,Uruguay,Diego Godín,7,Left Center Back,DEF
8.857142857142858,0.6167388167388167,0.1518913542813969,19.571428571428573,20.285714285714285,0.5107867494824017,0.3985026297734445,0.2946005018934044,0.3068968683331511,58.798907396058,37.48018463894546,20.596529025828215,17.076197818358573,23.990853015882493,5255,Uruguay,Matías Vecino,7,Left Center Midfield,MID
7.714285714285714,0.6582251082251082,0.19840677464234244,16.428571428571427,19.142857142857142,0.5411601245272645,0.3287487009579566,0.36172011088547834,0.3095311881565651,43.86319598638432,49.48277948004109,17.645859064844288,9.771679392740339,17.699824445174947,5259,Uruguay,José Giménez,7,Right Center Back,DEF
8.625,0.6144976551226551,0.15845271475308892,18.625,21.25,0.5361507337456448,0.36835611077438407,0.33379864791831215,0.29784524130730383,62.41761815393316,41.15241645710862,19.27997547369642,16.62948828960573,23.077530398551584,5260,Uruguay,Rodrigo Bentancur,8,Center Attacking Midfield,MID
7.25,0.7351641414141414,0.14247480024370085,18.5,13.25,0.42864999341996923,0.2974765315997728,0.31387100389651984,0.3886524645037074,79.68566007986266,33.934624011046424,17.172599923959577,16.978385147715777,22.094173504143015,3233,England,Raheem Sterling,8,Right Center Forward,FWD
6.75,0.8349341630591631,0.20993220004151747,21.0,19.25,0.46703028402684765,0.267393851761624,0.35525657784963993,0.3773495703887361,70.51378614972505,71.1740278010447,26.735044819217137,11.534770699886888,24.776908579087713,3308,England,Kieran Trippier,8,Right Midfield,MID
5.166666666666667,0.5297619047619048,0.09707634780488035,6.666666666666667,9.333333333333334,0.6646650326797385,0.26409519107888324,0.33980040045639087,0.22943774179805917,37.60565904139434,44.162531901649544,17.65083612303506,15.557281057221788,20.40614808372617,5220,Iran,Morteza Pouraliganji,6,Right Center Back,DEF
6.4,0.5833333333333333,0.1306161938773384,11.0,7.2,0.3170081135902637,0.2740161119287271,0.2179843286614974,0.3079995594097755,68.62825108225108,38.604110556110555,24.147291982659766,16.37485194806017,26.165827505263525,5226,Iran,Mehdi Taremi,5,Center Attacking Midfield,MID
3.4,0.6004761904761905,0.17930905899518457,2.8,3.0,0.33833333333333326,0.11147625958946712,0.24159236989425667,0.4469313705162762,11.707380952380953,41.03142857142857,6.989696253709839,9.546507471231923,10.064512683249461,5227,Iran,Alireza Beiranvand,5,Goalkeeper,GK
5.6,0.4662698412698413,0.10188120181756873,7.6,9.6,0.5392175066312996,0.2543962848297213,0.28769760535793265,0.25790610981234596,35.178760964912286,37.268885233918134,14.828685671300828,13.057354627875705,17.53163409849746,5228,Iran,Majid Hosseini,5,Left Center Back,DEF
5.833333333333333,0.49854497354497357,0.13630644084512367,9.0,9.666666666666666,0.5089218773429299,0.2841429165799875,0.26423965050967335,0.2849507662436724,56.78684216429314,12.405624567144175,28.073501414192965,11.793834047355924,26.5028102706583,5230,Iran,Ehsan Hajsafi,6,Left Back,DEF
7.4,0.5831746031746032,0.16215052250722464,10.6,6.8,0.39012654012654013,0.3099751260407914,0.22480552797087058,0.465219345988338,72.13368189705031,42.71795951417003,20.08632557648908,18.525009898300073,25.604430613663048,5224,Iran,Sardar Azmoun,5,Center Forward,FWD
6.8,0.5743650793650794,0.1413671663104584,12.6,9.2,0.43163644405130475,0.33908035251483887,0.32719618966887765,0.3337234578162835,50.88520944458766,71.75051468838612,27.823384604819115,9.075866773390578,25.600880994759972,5235,Iran,Ramin Rezaeian,5,Right Back,DEF
8.0,0.7205555555555556,0.19413966164953905,33.6,38.4,0.5430956837070107,0.35082186274402427,0.35618128076844036,0.2929968564875354,45.68459337891106,19.92080887225918,18.150908826526013,8.969346210054194,17.20849131141138,3306,Netherlands,Nathan Aké,5,Left Center Back,DEF
7.4,0.7118253968253968,0.19359689678619457,27.6,29.2,0.5168036360294425,0.2957684941553844,0.3677968989004708,0.33643460694414473,61.91982011876546,8.20653413869562,23.39072693568543,8.199577707781648,20.920324650502547,3311,Netherlands,Daley Blind,5,Left Wing Back,DEF
8.4,0.6983333333333333,0.20394498659515592,31.2,35.0,0.5302419493728715,0.33810801987880607,0.38411823212428775,0.2777737479969063,38.974683964424216,45.20733776273126,14.504756340106113,12.301746329113408,16.96354419847998,3669,Netherlands,Virgil van Dijk,5,Center Back,DEF
9.4,0.6781818181818181,0.17875945951957023,35.8,37.8,0.5203901227542531,0.3896656279643911,0.3249446587414189,0.28538971329419005,59.03596391707017,34.23000067622137,19.531661082719218,18.5383066383773,24.562530754834103,8118,Netherlands,Frenkie de Jong,5,Left Defensive Midfield,MID
7.2,0.6988095238095238,0.13292439477158186,19.8,12.4,0.3599957470246603,0.268522613239509,0.24720514485504022,0.4842722419054507,70.9026065553845,73.84520107095588,24.96033332439718,6.689494618457421,21.926856614057264,8125,Netherlands,Denzel Dumfries,5,Right Wing Back,DEF
6.2,0.775,0.19487299176675676,10.6,13.8,0.5652380952380953,0.23291645781119463,0.45012397660818715,0.3169595655806182,10.368221078221078,38.285324805324805,6.25341215280479,7.001406021397105,8.046440371578253,8326,Netherlands,Andries Noppert,5,Goalkeeper,GK
7.2,0.7139682539682539,0.11893706178840491,15.2,10.0,0.38845417740154586,0.2827369124921961,0.2772802582619045,0.4399828292458993,84.46936590038314,47.99334408818982,22.83689838059144,23.150559400793053,28.497914204430447,20750,Netherlands,Cody Gakpo,5,Right Center Forward,FWD
7.0,0.6599773242630385,0.13927592531794988,13.142857142857142,10.285714285714286,0.43733160114739056,0.3059453898413749,0.30550809032319076,0.38854651983543426,70.04243971962963,24.498162742699183,24.377270158671017,18.754411611021002,28.15388935543429,3625,Morocco,Sofiane Boufal,7,Left Wing,FWD
8.875,0.6478535353535354,0.15848109412547873,19.125,21.125,0.5200068928276931,0.3640657997180984,0.3310284310551735,0.3049057692267281,35.17202524038461,26.276014093137256,15.716963891758478,11.748622066163929,17.18729971997722,5219,Morocco,Romain Saïss,8,Left Center Back,DEF
9.0,0.6257884972170686,0.15329878401062777,17.0,20.0,0.5447465794888678,0.39427475715926175,0.3221684225260932,0.2835568203146451,46.82601206712909,43.00223130035187,17.845603655751113,16.96522714110203,22.18519097582844,5234,Morocco,Sofyan Amrabat,7,Center Defensive Midfield,MID
7.9,0.7020165945165944,0.18883483804640075,20.9,15.6,0.4218113230226453,0.32831189056932863,0.32321367455080685,0.34847443487986457,68.14083197606118,55.8117396795191,25.353000371064248,19.61822626172296,29.28216458072807,5237,Morocco,Hakim Ziyech,10,Right Wing,FWD
7.4,0.7174999999999999,0.21699619475640977,21.9,20.7,0.4841288733653527,0.32268678040854315,0.3430423836865844,0.33427083590487244,56.92154780496645,52.172486654505384,26.90220398204472,9.281839976027921,24.708228484911597,5245,Morocco,Achraf Hakimi,10,Right Back,DEF
5.571428571428571,0.6573696145124716,0.11970608663407625,4.714285714285714,4.428571428571429,0.5417166866746699,0.18969191527198456,0.4544568915478428,0.3558511931801726,59.28492063492064,38.62719169719169,20.116297410056298,19.938631982120665,26.446853363073153,6301,Morocco,Youssef En-Nesyri,7,Center Forward,FWD
6.0,0.706547619047619,0.17309387419260572,9.166666666666666,9.666666666666666,0.5306281202832926,0.252227419125975,0.38213651790891623,0.36563606296510875,11.309885953726678,40.21320253385105,6.9581456254639535,7.492398156314903,8.510149178577462,6785,Morocco,Yassine Bounou,6,Goalkeeper,GK
6.8,0.6922222222222223,0.1797961097761252,13.2,11.8,0.4667112010796221,0.28326063434951887,0.33648326702130404,0.3802560986291771,50.71843672456576,10.536901195578617,25.67145337624472,9.796560988412187,23.68646164259079,15890,Morocco,Noussair Mazraoui,5,Left Back,DEF
8.166666666666666,0.6509920634920635,0.1768377759237878,17.833333333333332,19.0,0.5170773182255283,0.3612199715271189,0.3104510066895317,0.3283290217833494,57.401179546162886,48.78037707899472,23.848147423121475,19.20320407946959,28.026641060996482,46258,Morocco,Azzedine Ounahi,6,Right Center Midfield,MID
8.583333333333334,0.7189484126984128,0.1931226123036287,28.416666666666668,33.833333333333336,0.5448197278032294,0.35761292996930255,0.33935802340255444,0.3030290466281429,41.99168915622169,56.259913507930015,17.626845407816003,12.44274977428937,19.19192837954117,3471,Croatia,Dejan Lovren,12,Right Center Back,DEF
8.875,0.7468434343434344,0.19451802749404185,34.5,36.5,0.5148543046147431,0.36182612690254634,0.33904462155955695,0.2991292515378967,64.56984284942104,25.522209100899698,20.727777505968653,16.788718588479323,23.387370875098362,5456,Croatia,Mateo Kovačić,8,Left Center Midfield,MID
8.1,0.7735317460317461,0.1480735735135846,18.6,15.1,0.4412736368323459,0.30949978241262877,0.31295712553749216,0.3775430920498791,76.16683877888629,45.14030676982592,22.05062234136998,22.24637286501018,28.54428658675938,5460,Croatia,Andrej Kramarić,10,Center Forward,FWD
8.928571428571429,0.7372835497835497,0.19479184789242784,32.214285714285715,33.142857142857146,0.5074254294532898,0.3679673428847456,0.32279323978381264,0.3092394173314418,66.58930915761475,48.90632667388768,23.465262344313405,20.800994722769918,27.569936785384645,5463,Croatia,Luka Modrić,14,Right Center Midfield,MID
9.2,0.7116666666666667,0.21243368434905824,34.9,40.1,0.5370719571027089,0.3832426543892459,0.31204320878571534,0.30471413682503873,55.65295894863452,38.68639038757641,19.52401331287114,19.57073133548588,25.095263135016676,5469,Croatia,Marcelo Brozović,10,Center Defensive Midfield,MID
7.928571428571429,0.7346268810554525,0.15138909770497633,17.357142857142858,12.5,0.40287926879487285,0.2975796494702565,0.3141194558001802,0.3883008947295633,75.4227378780487,21.318872165786868,26.928892544439123,19.907119872529847,31.13341990086419,5474,Croatia,Ivan Perišić,14,Left Wing,FWD
8.4,0.7255555555555555,0.18129216366760467,26.0,22.8,0.46111940050074207,0.3232181929647674,0.32496962925752815,0.35181217777770446,61.04860641720019,8.274422310598096,26.964858389660947,6.865778641560027,24.404651444921182,12625,Croatia,Borna Sosa,5,Left Back,DEF
5.285714285714286,0.7319727891156463,0.16205720340073557,7.714285714285714,9.571428571428571,0.5753235997956495,0.1893070546989828,0.4449005448054795,0.3657924004955377,10.239685012927223,40.87743246727312,5.128990303712512,7.302504816541242,7.445486672063064,16531,Croatia,Dominik Livaković,7,Goalkeeper,GK
8.333333333333334,0.7067460317460318,0.17876974930244235,25.833333333333332,24.0,0.4779625603155015,0.3094334923311903,0.3453549146954031,0.3452115929734067,62.17039125758699,70.80195430888601,26.66842665690021,9.550464505114212,24.268322789168934,29163,Croatia,Josip Juranović,6,Right Back,DEF
9.0,0.7052669552669553,0.18525065474700447,31.142857142857142,36.857142857142854,0.5484519091991464,0.36553827627422636,0.3417337059525157,0.29272801777325796,42.18504119051585,23.915030937155603,18.636822091833874,11.307937632324979,19.0663441410238,33018,Croatia,Joško Gvardiol,7,Left Center Back,DEF
7.142857142857143,0.6628117913832199,0.1950461427593007,24.142857142857142,22.571428571428573,0.4797148143184729,0.3271577899199893,0.3393490889768686,0.333493121103142,61.09388151531009,71.74054324851781,25.10979880945276,7.665634906364581,22.144072939989623,5476,France,Benjamin Pavard,7,Right Back,DEF
6.375,0.6937003968253969,0.1615959390871043,17.625,14.75,0.4545147225737543,0.2724501542864237,0.2801657326606243,0.447384113052952,65.68716220861143,7.615691907532921,25.56173926450552,7.161291309453139,22.832128305220184,5484,France,Lucas Hernandez,8,Left Back,DEF
5.833333333333333,0.7479497354497354,0.09804140866397111,8.166666666666666,5.0,0.3880262249827467,0.2150673892009003,0.2831467462671318,0.5017858645319678,83.24935897435897,40.848799348799346,21.59088280380418,20.759928015986375,27.756474412304872,3202,Brazil,Gabriel Jesus,6,Center Forward,FWD
8.285714285714286,0.6857658214801071,0.1381132564570854,21.857142857142858,20.428571428571427,0.482182965412779,0.31298116630205636,0.3075392501321977,0.37947958356574596,65.17484806146061,70.6748580213415,25.678586300452114,10.076621880369476,24.05707988845631,3176,Belgium,Thomas Meunier,7,Right Back,DEF
7.0,0.6428571428571428,0.1608929199022695,14.4,13.2,0.4562314674572739,0.2899353438022616,0.3077143557486388,0.4023503004490996,63.948458646616544,73.07676691729323,24.895607684807793,7.8230177716534115,21.56443729010491,3530,Japan,Hiroki Sakai,5,Right Back,DEF
7.0,0.6469954648526076,0.1369068300665712,12.142857142857142,7.857142857142857,0.40881622158845393,0.30653378460261965,0.31303617338786494,0.3804300420095154,78.41878471783643,36.85505099785272,21.08237207003092,20.946689374025446,27.352718830819658,5246,Uruguay,Luis Suárez,7,Right Center Forward,FWD
7.166666666666667,0.644510582010582,0.1760157332434283,19.0,18.5,0.47988109576460963,0.32250762623604495,0.3300537729906364,0.3474386007733186,64.26863480434909,49.63104217945488,23.74790355576484,9.818455298131575,21.55504671506769,5248,Uruguay,Martín Cáceres,6,Right Back,DEF
9.0,0.6253030303030304,0.12198745780282665,17.0,17.6,0.5078537252221462,0.3955410369234067,0.32722191636347575,0.2772370467131176,63.794591503267974,36.40423474945534,22.37179365888498,18.265528811844565,25.744997556329395,5563,Mexico,Andrés Guardado,5,Left Center Midfield,MID
8.5,0.5931517556517557,0.1688199567874513,16.166666666666668,18.833333333333332,0.5506025704533167,0.37492888323928675,0.3015980968784421,0.3234730198822711,56.8126378729827,52.49199328432541,19.5146481383775,14.245528123480895,21.420935820947715,5582,Costa Rica,Celso Borges,6,Right Defensive Midfield,MID
5.666666666666667,0.673015873015873,0.17472734379310959,6.333333333333333,7.5,0.5488073654740321,0.21594545153365505,0.42358155113416535,0.36047299733217963,12.48574014452762,41.24725958671309,6.032805945104092,8.338914599917056,8.558827150889364,5597,Costa Rica,Keylor Navas,6,Goalkeeper,GK
7.2,0.5962698412698413,0.13886717920424047,14.0,13.8,0.4796257796257796,0.3553049213597159,0.35153692172870254,0.29315815691158154,41.933537850253956,38.18983236317982,20.90639656919247,13.927740071225577,21.804455617647832,5598,Costa Rica,Óscar Duarte,5,Right Center Back,DEF
7.0,0.6178571428571429,0.17788158054612171,13.8,13.4,0.4833030680321321,0.32833384151919115,0.31689866367446834,0.3547674948063405,58.71030788061388,10.10294231902555,28.206095983039233,9.415900786496309,25.960157955952628,5836,Costa Rica,Bryan Oviedo,5,Left Wing Back,DEF
8.571428571428571,0.7892857142857144,0.20404911486116176,27.571428571428573,27.142857142857142,0.5015522775056673,0.3267490163783693,0.31378474877565854,0.35946623484597223,66.34514331670054,9.533795579961664,26.68384443669663,8.813435905719002,24.174097933568426,5209,Portugal,Raphaël Guerreiro,7,Left Back,DEF
6.714285714285714,0.7493712636569779,0.20639667332880474,20.571428571428573,21.142857142857142,0.502333855190998,0.2687525161693754,0.36018096683618467,0.3710665169944399,60.97889903803923,11.113548134075396,24.692624260891943,10.177573284164348,22.936018868233027,5507,Argentina,Nicolás Tagliafico,7,Left Back,DEF
7.8,0.6066305916305916,0.1514732648473069,10.2,12.0,0.517797965159799,0.335902049201761,0.3383991787677618,0.32569877203047726,63.11248497838746,42.47735714881101,25.04231811991901,20.7605119735294,30.19973280063524,5171,Russia,Roman Zobnin,5,Left Center Midfield,MID
4.8,0.61,0.14541139901263495,4.4,3.4,0.3979365079365079,0.1862569479202339,0.34986784682525046,0.4638752052545156,12.883030303030301,44.52159090909091,8.456778870136779,10.395192824572517,11.062465107600946,5172,Russia,Igor Akinfeev,5,Goalkeeper,GK
7.6,0.568051948051948,0.14292191980340185,7.4,11.6,0.6138819875776398,0.3078135113525313,0.42363617326412245,0.2685503153833462,38.483333333333334,33.1280053667263,14.532567644514348,14.7457900522303,18.380480131021674,5174,Russia,Sergei Ignashevich,5,Left Center Back,DEF
7.4,0.5880952380952381,0.14341599097767593,9.6,10.8,0.5250347593582887,0.35063976810236286,0.37583720317395247,0.2735230287236846,43.70900432900433,60.9174025974026,16.518725384797005,13.27507876614072,19.001408412941185,5175,Russia,Ilya Kutepov,5,Right Center Back,DEF
7.2,0.6490476190476191,0.18102328933052952,14.0,11.2,0.43124477861319965,0.3216638788143167,0.31952656823932934,0.3588095529463539,77.510426300355,60.96773823120852,25.85603698908104,15.983613683757307,27.480930471448534,5182,Russia,Aleksandr Samedov,5,Right Wing,FWD
6.5,0.7314814814814815,0.17760184143421845,10.833333333333334,11.5,0.5103864084144462,0.2256090222459511,0.45927435086400276,0.31511662689004616,11.083403663248864,42.47070819092491,6.4955050982022255,9.534805695470261,9.444718354662074,3444,Croatia,Danijel Subašić,6,Goalkeeper,GK
8.0,0.6833333333333335,0.1657219973985088,21.5,19.666666666666668,0.48340337632664016,0.3235559596257536,0.33383160791350797,0.3426124324607383,61.79802519148694,8.655149387112933,25.72857488653612,7.996347704676307,23.08407149602152,5457,Croatia,Ivan Strinić,6,Left Back,DEF
8.5,0.6851851851851851,0.18772428351561077,25.0,24.333333333333332,0.49739608138854324,0.33984050171182245,0.3372687158910175,0.32289078239716,65.73182184281116,71.49988605154195,27.422258783046974,9.089491802846029,25.126693724326554,5461,Croatia,Šime Vrsaljko,6,Right Back,DEF
7.833333333333333,0.7362193362193361,0.1542103194122429,15.0,7.5,0.3149620846989268,0.2580175143309187,0.30045747295667374,0.4415250127124075,81.79148309751251,40.76644479159185,24.98199775551973,25.595378430900354,33.0574090077849,5465,Croatia,Ante Rebić,6,Right Wing,FWD
7.5,0.7543410293410294,0.22346380854755019,20.833333333333332,26.666666666666668,0.5645794408254642,0.30631135362826656,0.3891661866437644,0.30452245972796904,39.238224637681164,26.954174178859535,15.965486421327961,12.171214503566333,17.420031018931557,5468,Croatia,Domagoj Vida,6,Left Center Back,DEF
9.166666666666666,0.7016835016835018,0.19120379232523818,27.833333333333332,29.5,0.5115015888786381,0.37656370680814694,0.3201527406706963,0.3032835525211568,61.526855578636976,29.26268917265294,20.966660913046624,17.189686919723375,23.43725613728542,5470,Croatia,Ivan Rakitić,6,Left Center Midfield,MID
7.5,0.7462301587301586,0.1399837742212218,11.5,8.666666666666666,0.4337846427663361,0.2841163147376318,0.31013683639744005,0.40574684886492807,72.97596284157687,39.73891844997109,22.274476165690615,21.825808321927664,28.238954316927916,5472,Croatia,Mario Mandžukić,6,Center Forward,FWD
8.571428571428571,0.6968202432488146,0.18039911498784217,24.428571428571427,29.428571428571427,0.5363583470335306,0.3667817166086249,0.33488595394898457,0.2983323294423905,55.381715473316355,36.94036397628838,19.12755882648511,18.03613862518868,23.414030963627628,3961,France,N'Golo Kanté,7,Right Center Midfield,MID
7.5,0.6545634920634921,0.17002593395571863,15.666666666666666,21.0,0.5637517607581525,0.3191064486705553,0.4106375191125142,0.2702560322169305,41.50765043922939,23.056189340672102,15.531248655999251,11.51926675952582,16.716485249317717,5492,France,Samuel Umtiti,6,Left Center Back,DEF
8.666666666666666,0.6996031746031747,0.1868894884410072,24.5,23.833333333333332,0.4894393545938589,0.3716353820404453,0.29748042016079984,0.3308841977987548,61.07012324783623,44.02436186334512,18.083487588250033,17.3782185463344,22.277935437622485,20004,France,Paul Pogba,6,Left Center Midfield,MID
7.6,0.6505555555555556,0.09698706531362286,17.6,12.8,0.3901966149792237,0.3316724091602524,0.30353104847097984,0.3647965423687678,77.70288189236813,63.32283770948535,25.846561376948785,13.18999402264717,25.87043601051831,3472,Brazil,Willian,5,Right Wing,FWD
7.8,0.7377777777777779,0.16058626102296147,30.0,29.4,0.49209159261790847,0.3684181959985584,0.3030154921484253,0.3285663118530162,70.40099390818666,25.96788027406125,20.968632559358323,12.991879386333062,21.91049184441823,3501,Brazil,Philippe Coutinho,5,Left Center Midfield,MID
7.2,0.7643650793650794,0.1550412721005136,16.2,16.6,0.494716711859569,0.3129301360676755,0.36178356869896183,0.3252862952333626,63.02575500334414,52.1321923250616,22.17520897124307,15.157596046183647,23.92040239154019,5542,Brazil,Paulinho,5,Right Center Midfield,MID
7.6,0.6747619047619048,0.15000901358876184,21.2,24.4,0.5461560889348946,0.35155561055803186,0.32233027454029645,0.32611411490167175,39.20902939937803,28.56193729641031,14.689276731489702,10.433837432776553,15.033320088104404,5551,Brazil,João Miranda de Souza Filho,5,Left Center Back,DEF
7.666666666666667,0.692526455026455,0.10448759014671218,11.333333333333334,7.333333333333333,0.40269177846577225,0.2845990482662068,0.3017440923880929,0.41365685934570035,76.63960454749927,43.903110047846894,19.354227378771572,16.605787139930236,22.761718472001473,3289,Belgium,Romelu Lukaku,6,Center Forward,FWD
8.0,0.7388888888888889,0.14645272665511141,23.8,21.4,0.47632605867899985,0.3317465543915787,0.34038694579297646,0.32786649981544486,73.76357481929259,41.28710209331931,18.224907840428788,19.889243909669847,24.85351121833507,3293,England,Jesse Lingard,5,Right Center Midfield,MID
6.8,0.8196536796536797,0.20267483300680467,17.0,15.8,0.4889239792465599,0.25421148210537936,0.4229179969317127,0.32287052096290797,64.45789944097142,13.938185736036775,25.57699922229736,13.849103463628083,26.752427165870035,3612,England,Ashley Young,5,Left Midfield,MID
6.0,0.5544444444444444,0.13618369612951622,9.4,6.6,0.37038901601830665,0.24267942583732055,0.20967304625199365,0.5476475279106858,71.26481253420909,40.221852764094145,21.97801140698274,21.155978119131554,27.961989764775087,4417,Sweden,Ola Toivonen,5,Left Center Forward,FWD
7.4,0.6251587301587302,0.1677050460439961,12.2,15.2,0.5636331528658894,0.36584421748433804,0.36633379534800115,0.26782198716766087,44.52188711614342,27.296633090704113,18.0793321057446,11.290391532956537,18.812747058705984,5607,Sweden,Andreas Granqvist,5,Left Center Back,DEF
6.8,0.6678571428571428,0.17424541551776274,11.2,12.2,0.5286116152450091,0.32706987198102705,0.3199030488307387,0.3530270791882343,69.69910871489819,61.329734261313206,27.266573846641336,16.13275177036464,28.91930143606469,5613,Sweden,Viktor Claesson,5,Right Midfield,MID
6.0,0.5996031746031745,0.18446236958213053,11.4,10.2,0.48166539343009934,0.24681011798658856,0.4387068160597572,0.31448306595365416,62.454510759532035,10.825359398678547,31.318313804107692,15.188960794663435,29.703571003148134,5621,Sweden,Ludwig Augustinsson,5,Left Back,DEF
4.2,0.5688095238095239,0.13480701505667492,5.2,4.2,0.42857142857142855,0.16596195129173144,0.44651935746539345,0.3875186912428751,12.880348516218081,43.12064067172763,7.159836073325998,9.136427619014412,9.89381377474418,5622,Sweden,Robin Olsen,5,Goalkeeper,GK
8.4,0.593939393939394,0.16305895728052816,12.6,14.8,0.5322930724246514,0.39218788047256836,0.3184418079052116,0.28937031162222004,58.64729208077665,34.08937195719183,18.261492145482105,18.785666955843915,23.47004484351688,5624,Sweden,Albin Ekdal,5,Left Center Midfield,MID
7.0,0.6875396825396826,0.2005412805626101,12.2,9.4,0.44765288630646277,0.3029335696130552,0.3189539492235721,0.37811248116337265,70.27501175295292,22.449663571722397,22.405321154597765,14.017561553675431,23.80944284669914,5625,Sweden,Emil Peter Forsberg,5,Left Midfield,MID
6.8,0.5826984126984127,0.15088659786509045,11.6,8.4,0.38602690413035246,0.2972896986054881,0.2860436347278453,0.4166666666666667,72.43939393939392,41.63030303030303,23.813535886793005,19.61831421977031,28.38109499605759,11098,Sweden,Marcus Berg,5,Right Center Forward,FWD
3.8,0.6676190476190477,0.17456206423061613,4.6,6.8,0.5981018981018982,0.15780356358119138,0.47943422795756874,0.3627622084612399,13.479680883242589,42.46860758217383,7.86197570666057,8.288086193147878,9.375263373890073,5267,Uruguay,Fernando Muslera,5,Goalkeeper,GK
